{"config": {"learning_rate": 0.001, "dropout": 0.2, "batch_size": 100, "epochs": 60, "S2F": false, "train_all": false}, "train_loss_incorrect": [1.5731406623125077, 1.5428904044628142, 1.536708229780197, 1.5327568431695302, 1.5306642365455627, 1.5277747704585394, 1.5268667685985564, 1.5242665018637975, 1.5230205714702607, 1.5219553337494531, 1.519883278210958, 1.5190166715780895, 1.5187436469395956, 1.5178360889355342, 1.5159530653556188, 1.5148414450883865, 1.5141415295998255, 1.5133380939563115, 1.5127161836624146, 1.5114271287123362, 1.5105175499121348, 1.510642242829005, 1.509893275499344, 1.509067828655243, 1.5082227045297623, 1.5079188859462738, 1.5073696251710256, 1.5070409482717515, 1.5072553529342017, 1.5055258947610854, 1.50492040793101, 1.5057081576188405, 1.504878645936648, 1.5039636681477229, 1.5039451539516449, 1.5028526576360066, 1.5028920569022497, 1.5028555675347646, 1.5028303837776185, 1.502261115113894, 1.5018092350165049, 1.50083554148674, 1.5007329922914505, 1.5007114845514298, 1.5004429161548614, 1.499795073668162, 1.4996701965729395, 1.5001769725481668, 1.4991493213176728, 1.4986362711588541, 1.499186752041181, 1.4983095566431681, 1.4984657402833303, 1.497531780997912, 1.4979515820741653, 1.4977667001883188, 1.4974759129683177, 1.4973248593012491, 1.4974689584970475, 1.4975731952985127], "train_loss": [1.53813370068868, 1.5335160102446874, 1.521333984732628, 1.5223223714033762, 1.5177029103040696, 1.5172099032004673, 1.5136006132761637, 1.5144078652064006, 1.5122090987364452, 1.5115799949566524, 1.5085744774341583, 1.5080541366338729, 1.5077409601211549, 1.509488256374995, 1.5046875818570455, 1.5060512946049371, 1.5064833277463914, 1.5035342993338903, 1.5017774617671966, 1.4988883525133132, 1.5030153195063274, 1.4994844430685044, 1.4989270043373109, 1.498102311293284, 1.4969976957639057, 1.496069727142652, 1.4970732148488362, 1.4959362870454789, 1.496532140771548, 1.49374382853508, 1.4951607628663381, 1.4942037616173427, 1.4933419237534205, 1.4932280111312866, 1.4925449057420095, 1.4914984971284866, 1.4933779712518056, 1.4928105173508326, 1.4920150518417359, 1.4909333682060242, 1.491714301109314, 1.4903416746854783, 1.4894935943682988, 1.4907705134153366, 1.4909490911165872, 1.4899355951944988, 1.4890132798751194, 1.4887945473194122, 1.4893423775831858, 1.4878503847122193, 1.487071704864502, 1.488358323574066, 1.4876284436384837, 1.48686086277167, 1.4878805685043335, 1.487202424009641, 1.487129096587499, 1.4875154878695807, 1.486409989198049, 1.4891859356562296], "valid_loss": [1.5526639664173125, 1.5508280766010285, 1.5415771424770355, 1.5440413081645965, 1.5384514033794403, 1.5392951631546021, 1.5378499603271485, 1.538540368080139, 1.538052933216095, 1.535231261253357, 1.5360761988162994, 1.534134212732315, 1.5350872576236725, 1.5367692685127259, 1.5324907982349396, 1.5352999532222749, 1.5335560476779937, 1.5338771390914916, 1.5333508241176605, 1.5320408165454864, 1.5329733335971831, 1.533343801498413, 1.5323033428192139, 1.5335382473468782, 1.532919923067093, 1.532832486629486, 1.533238753080368, 1.5338750028610229, 1.5326240766048431, 1.532681747674942, 1.5321932590007783, 1.533479665517807, 1.5338029944896698, 1.5328316962718964, 1.5318863260746003, 1.5313325107097626, 1.5322238683700562, 1.5342516529560088, 1.5321547019481658, 1.5318714499473571, 1.5341830778121948, 1.532223275899887, 1.5347149682044983, 1.5339271557331084, 1.5318906366825105, 1.5329915153980256, 1.5342040133476258, 1.5325683772563934, 1.533381736278534, 1.5338991570472718, 1.5335541367530823, 1.532704166173935, 1.532385139465332, 1.5324299371242522, 1.5330700814723968, 1.5324936401844025, 1.535021548271179, 1.5347731494903565, 1.5327803444862367, 1.5313775873184203], "train_accuracy_incorrect": [0.84945, 0.8767333333333334, 0.8804166666666666, 0.8837333333333334, 0.8866666666666667, 0.8900833333333333, 0.8915333333333333, 0.8953166666666666, 0.8970833333333333, 0.8980166666666667, 0.9019, 0.9022166666666667, 0.90285, 0.9034333333333333, 0.9060333333333334, 0.9079, 0.9081333333333333, 0.9091166666666667, 0.9113833333333333, 0.9130833333333334, 0.91465, 0.9142666666666667, 0.9152, 0.9166833333333333, 0.9179666666666667, 0.9182833333333333, 0.9194333333333333, 0.91965, 0.9192666666666667, 0.9240333333333334, 0.92305, 0.9188333333333333, 0.9224333333333333, 0.9249833333333334, 0.9236666666666666, 0.9272166666666667, 0.9259333333333334, 0.9272333333333334, 0.9277, 0.9284166666666667, 0.92775, 0.9309666666666667, 0.9285333333333333, 0.9303666666666667, 0.9309, 0.9318333333333333, 0.9312166666666667, 0.9311, 0.93155, 0.93225, 0.9334166666666667, 0.9322333333333334, 0.9345833333333333, 0.9346666666666666, 0.93295, 0.9359333333333333, 0.9342333333333334, 0.9352166666666667, 0.9341833333333334, 0.9329], "train_accuracy": [0.8874833333333333, 0.8857, 0.8941, 0.8988166666666667, 0.90395, 0.9043666666666667, 0.9069833333333334, 0.90985, 0.9076, 0.9147333333333333, 0.9130833333333334, 0.91705, 0.9178166666666666, 0.9137166666666666, 0.9203833333333333, 0.9212333333333333, 0.9202333333333333, 0.9234333333333333, 0.9279833333333334, 0.9287833333333333, 0.9257, 0.9281333333333334, 0.9308666666666666, 0.9297333333333333, 0.9318333333333333, 0.9337666666666666, 0.93365, 0.9353166666666667, 0.9359833333333333, 0.9377333333333333, 0.9364333333333333, 0.93775, 0.9373166666666667, 0.9393833333333333, 0.9406833333333333, 0.9434166666666667, 0.9404333333333333, 0.9419, 0.9422, 0.9425833333333333, 0.9414, 0.9458333333333333, 0.9458, 0.9431833333333334, 0.9466333333333333, 0.9458666666666666, 0.9463666666666667, 0.9447833333333333, 0.9451166666666667, 0.9495833333333333, 0.95045, 0.95015, 0.9518666666666666, 0.9498666666666666, 0.9498666666666666, 0.9507166666666667, 0.9495833333333333, 0.94415, 0.9512666666666667, 0.9453833333333334], "valid_accuracy": [0.8676, 0.8673, 0.8727, 0.8779, 0.8792, 0.8798, 0.8796, 0.8798, 0.8781, 0.8832, 0.8822, 0.884, 0.8833, 0.881, 0.8833, 0.8872, 0.8856, 0.8885, 0.8903, 0.8914, 0.8921, 0.8891, 0.8907, 0.8903, 0.8921, 0.8947, 0.8925, 0.8937, 0.8949, 0.8953, 0.889, 0.8926, 0.8878, 0.8935, 0.8957, 0.8973, 0.8938, 0.8947, 0.8919, 0.8925, 0.8917, 0.8967, 0.8942, 0.8914, 0.8971, 0.8969, 0.893, 0.8913, 0.8934, 0.8973, 0.896, 0.8993, 0.8973, 0.8974, 0.8946, 0.8957, 0.8954, 0.89, 0.8976, 0.8904]}