{"config": {"learning_rate": 0.001, "dropout": 0.2, "batch_size": 100, "epochs": 60, "S2F": true, "train_all": false}, "train_loss_incorrect": [1.5731390676895778, 1.5451126076777777, 1.5401506904760998, 1.536023206114769, 1.5342161675294241, 1.5326656673351924, 1.5308277483781179, 1.5288822813828786, 1.527306013504664, 1.526795163154602, 1.5259318455060322, 1.5250596113999684, 1.5242199385166169, 1.5225803675254186, 1.5219000651439032, 1.5215237750609716, 1.5215255171060562, 1.5190877670049667, 1.5191639266411463, 1.5193384911616643, 1.5187501082817714, 1.5190233741203945, 1.5175851166248322, 1.5174366370836894, 1.5165907289584477, 1.5160751926898957, 1.5159833925962447, 1.5142593097686767, 1.5146994225184123, 1.5148875925938288, 1.5150613653659821, 1.51377476811409, 1.5141611788670222, 1.5134562395016353, 1.5123830950260162, 1.5122575382391612, 1.5118610392014185, 1.5116322257121404, 1.5123426775137583, 1.511099667350451, 1.5115601553519566, 1.511229450305303, 1.510596045255661, 1.5105886882543564, 1.5107362169027327, 1.5116565916935603, 1.5107265200217566, 1.5107237575451533, 1.510001250108083, 1.5094657891988754, 1.509667701323827, 1.5098467705647152, 1.5092516501744588, 1.508288708726565, 1.5090234084924061, 1.509865408539772, 1.508469280997912, 1.5083365553617478, 1.5080017739534377, 1.507552704612414], "train_loss": [1.536793787876765, 1.5291056044896443, 1.5258388139804204, 1.5231132471561433, 1.5227004861831666, 1.5204969920714697, 1.5197804699341455, 1.5141103446483613, 1.5187560443083445, 1.5155371048053106, 1.5125115551551183, 1.5106526597340901, 1.5146444966395696, 1.5104407173395158, 1.5095814430713654, 1.5089599148432413, 1.509244685769081, 1.5087103652954101, 1.5096891154845555, 1.5074544870853424, 1.508703697323799, 1.5080086421966552, 1.5065505377451578, 1.5051561454931894, 1.5046310673157375, 1.5030758074919384, 1.5037626461187998, 1.5037956241766612, 1.5020623739560446, 1.5029314639170965, 1.5031381052732469, 1.5034918957948684, 1.5018363644679387, 1.5010417570670447, 1.5012345681587855, 1.4999218455950418, 1.50237167040507, 1.4994808985789616, 1.498266328573227, 1.4992347611983616, 1.5000411866108576, 1.4998042726516723, 1.49936139802138, 1.49906556447347, 1.4977927068869272, 1.498851751089096, 1.4976387107372284, 1.4977889750401179, 1.496724683046341, 1.496193570693334, 1.497489519317945, 1.4959735798835754, 1.4973233183224997, 1.4954255791505178, 1.4962655075391134, 1.4959418163696925, 1.4967082905769349, 1.4969433909654617, 1.4950087614854177, 1.4957083968321483], "valid_loss": [1.5504818391799926, 1.5458713126182557, 1.545358408689499, 1.5430674791336059, 1.5406553649902344, 1.5413720095157624, 1.5411638820171356, 1.5397376704216004, 1.539463849067688, 1.540051795244217, 1.535476155281067, 1.5370278787612914, 1.5396023321151733, 1.5350651240348816, 1.5372915220260621, 1.5373375225067138, 1.536414830684662, 1.537299188375473, 1.5354726648330688, 1.53621018409729, 1.5343695724010467, 1.5361452054977418, 1.5333378684520722, 1.5369043517112733, 1.5335566103458405, 1.534334774017334, 1.5353158462047576, 1.5339246714115142, 1.5345462691783904, 1.5343251740932464, 1.5361951875686646, 1.535195211172104, 1.5358334481716156, 1.5343527829647063, 1.5347930216789245, 1.532756677865982, 1.534509301185608, 1.5350004386901857, 1.5339271187782288, 1.534541165828705, 1.5355734169483184, 1.5349600553512572, 1.5344442272186278, 1.5366409528255462, 1.533320358991623, 1.5347583127021789, 1.5337663078308106, 1.536277595758438, 1.5349531257152558, 1.5336384105682372, 1.5343401551246643, 1.5335803997516633, 1.5318410360813142, 1.5342213273048402, 1.533760565519333, 1.5349124300479888, 1.5332325792312622, 1.5354444694519043, 1.5347917580604553, 1.5373068964481353], "train_accuracy_incorrect": [0.8455666666666667, 0.8721166666666667, 0.878, 0.8816166666666667, 0.8808833333333334, 0.8834666666666666, 0.8828333333333334, 0.8882, 0.88895, 0.8880333333333333, 0.8909166666666667, 0.8898, 0.8889166666666667, 0.8932, 0.8937666666666667, 0.8942333333333333, 0.8945666666666666, 0.8951166666666667, 0.8926166666666666, 0.8957, 0.8989166666666667, 0.8933666666666666, 0.8971333333333333, 0.89725, 0.8980166666666667, 0.9005166666666666, 0.9038333333333334, 0.9049166666666667, 0.9030333333333334, 0.90105, 0.9054333333333333, 0.9026, 0.9037333333333334, 0.9037333333333334, 0.9060333333333334, 0.9091, 0.9071666666666667, 0.9064833333333333, 0.9048166666666667, 0.9047, 0.9073166666666667, 0.9074833333333333, 0.9090166666666667, 0.9065666666666666, 0.9081833333333333, 0.90285, 0.9055666666666666, 0.9088, 0.9077, 0.9119, 0.9117, 0.9087166666666666, 0.9095666666666666, 0.9088333333333334, 0.9115666666666666, 0.9092833333333333, 0.9092666666666667, 0.91175, 0.91255, 0.9155666666666666], "train_accuracy": [0.8807, 0.89195, 0.8944, 0.8962, 0.8978333333333334, 0.8998666666666667, 0.89845, 0.90615, 0.8928166666666667, 0.9002833333333333, 0.9038166666666667, 0.9115333333333333, 0.89245, 0.9087, 0.91115, 0.9099333333333334, 0.9061, 0.9047, 0.9031666666666667, 0.91, 0.9065666666666666, 0.9116, 0.9053333333333333, 0.91095, 0.9099666666666667, 0.9164666666666667, 0.9180833333333334, 0.9156833333333333, 0.9181333333333334, 0.91495, 0.9152166666666667, 0.9188, 0.9156, 0.9173333333333333, 0.9147666666666666, 0.91915, 0.9100666666666667, 0.9171, 0.9234, 0.92, 0.9179666666666667, 0.9255, 0.9187, 0.92495, 0.9234, 0.9245166666666667, 0.9241333333333334, 0.92295, 0.9282166666666667, 0.9276166666666666, 0.92775, 0.93095, 0.9198666666666667, 0.93015, 0.9261166666666667, 0.9300333333333334, 0.9282333333333334, 0.9244666666666667, 0.93105, 0.9280333333333334], "valid_accuracy": [0.8625, 0.8707, 0.8753, 0.8737, 0.8727, 0.8711, 0.8714, 0.8759, 0.864, 0.8719, 0.8739, 0.8811, 0.866, 0.8797, 0.8816, 0.8772, 0.8757, 0.8725, 0.8711, 0.8745, 0.8749, 0.8763, 0.8733, 0.8769, 0.8766, 0.8823, 0.8814, 0.8779, 0.881, 0.8778, 0.8758, 0.8804, 0.8784, 0.8779, 0.8761, 0.8779, 0.8741, 0.8783, 0.8849, 0.8816, 0.8785, 0.883, 0.8786, 0.8846, 0.8793, 0.8811, 0.8819, 0.8792, 0.8855, 0.8861, 0.8872, 0.8866, 0.8759, 0.8869, 0.8824, 0.8888, 0.8849, 0.8839, 0.8848, 0.881]}