{"config": {"learning_rate": 0.001, "dropout": 0.2, "batch_size": 100, "epochs": 60, "S2F": false, "train_all": true}, "train_loss_incorrect": [1.5748840920130411, 1.547010267575582, 1.540318348010381, 1.5374188671509426, 1.5345729410648346, 1.5325570048888524, 1.531853798031807, 1.530915703177452, 1.5308331350485485, 1.532072450319926, 1.5336532113949457, 1.5331639810403188, 1.5350569450855256, 1.5388037033875783, 1.5385959607362747, 1.5374815199772518, 1.5385156883796056, 1.5452145355939866, 1.5464178542296092, 1.544840079943339, 1.545118163228035, 1.5489708729585012, 1.5558218145370484, 1.5541029872496923, 1.558010101914406, 1.5554079320033392, 1.5619411691029867, 1.5581673244635263, 1.5585278513034184, 1.5580364098151525, 1.5573320444424947, 1.5565705960988998, 1.5601871450742086, 1.5751149586836497, 1.5605143384138742, 1.563884899020195, 1.551182456811269, 1.5630071127414704, 1.5550520892937978, 1.570172185699145, 1.5665261101722718, 1.5700524387756984, 1.5712031318744024, 1.5907809533675512, 1.589194257458051, 1.5760545404752095, 1.5845651934544245, 1.5723298513889312, 1.57004989027977, 1.5871922431389491, 1.5855545900265375, 1.5821616220474244, 1.5871357226371765, 1.5955883216857911, 1.5870478783051174, 1.5928410975138347, 1.5780657267570495, 1.5836479459206263, 1.592621773481369, 1.5791297020514805], "train_loss": [1.5402270915110905, 1.5360782992839814, 1.5324351106087366, 1.5268231880664827, 1.5272913122177123, 1.5214710797866184, 1.5256351574261984, 1.5225571918487548, 1.522941259741783, 1.523465548157692, 1.5237669648726782, 1.5329489334424338, 1.5288189705212911, 1.533923037846883, 1.525628353158633, 1.5314972593386968, 1.528785409927368, 1.5302872755130132, 1.5347002202272415, 1.537291684349378, 1.5390372089544933, 1.5390369548400242, 1.5387924857934316, 1.54636789838473, 1.5391208291053773, 1.5409593415260314, 1.5516119144360225, 1.5497537412246067, 1.5380499106645584, 1.540323459704717, 1.539773897131284, 1.550398206114769, 1.569010329246521, 1.5568844081958135, 1.5569691089789073, 1.5394326368967692, 1.5402505413691203, 1.5483832867940266, 1.5593306056658427, 1.5633428148428599, 1.5666890732447307, 1.5553744939963023, 1.5689684120814005, 1.5649563451608022, 1.579546514749527, 1.5619639446338018, 1.5666366014877955, 1.571076002717018, 1.5624000877141953, 1.5638083106279372, 1.5565138334035873, 1.5607406375805537, 1.569330358505249, 1.5650141263008117, 1.577262086868286, 1.5688501004378002, 1.5667592871189118, 1.5852105595668158, 1.5663226209084193, 1.5635399874051412], "valid_loss": [1.5527598118782044, 1.5495899534225464, 1.5464787411689758, 1.5440396976470947, 1.5424339294433593, 1.5387394320964813, 1.5435960018634796, 1.5421797525882721, 1.5395629322528839, 1.5443520474433898, 1.5408716070652009, 1.5537705516815186, 1.547343293428421, 1.553564237356186, 1.5461838781833648, 1.55142742395401, 1.5504876041412354, 1.550751678943634, 1.5546021521091462, 1.5543460488319396, 1.5523960018157958, 1.5563756358623504, 1.5537597930431366, 1.5615264344215394, 1.5569749295711517, 1.557078845500946, 1.5649072873592376, 1.5639331030845642, 1.5550505447387695, 1.5575947892665862, 1.5550271880626678, 1.5659572112560272, 1.5855154228210449, 1.5757858514785767, 1.5716890323162078, 1.5564942014217378, 1.5562608289718627, 1.5629849541187286, 1.5722606313228606, 1.5795750975608827, 1.5786730098724364, 1.5685939395427704, 1.5859768378734589, 1.5816352951526642, 1.5946384477615356, 1.5780020427703858, 1.5816019594669342, 1.580293723344803, 1.5781943202018738, 1.57648122549057, 1.5707359218597412, 1.573420979976654, 1.5825207448005676, 1.5781449115276336, 1.591004878282547, 1.5803112947940827, 1.5794824647903443, 1.5993453276157379, 1.5784499502182008, 1.57422727227211], "train_accuracy_incorrect": [0.82915, 0.8659833333333333, 0.8712833333333333, 0.8742166666666666, 0.87455, 0.8777, 0.87605, 0.875, 0.8734333333333333, 0.8692833333333333, 0.8618166666666667, 0.8636833333333334, 0.8574666666666667, 0.85435, 0.84625, 0.8497666666666667, 0.8368833333333333, 0.83955, 0.8404166666666667, 0.8347833333333333, 0.8421166666666666, 0.83935, 0.8278166666666666, 0.8090333333333334, 0.7999, 0.8159666666666666, 0.7926166666666666, 0.81085, 0.8357166666666667, 0.8274833333333333, 0.82545, 0.8462166666666666, 0.8342833333333334, 0.83745, 0.8385666666666667, 0.8117333333333333, 0.8230666666666666, 0.7973, 0.8241833333333334, 0.8236833333333333, 0.79405, 0.7956833333333333, 0.8120666666666667, 0.79665, 0.7908, 0.8101166666666667, 0.8054333333333333, 0.7500666666666667, 0.7584166666666666, 0.7496833333333334, 0.7702666666666667, 0.7617, 0.7805166666666666, 0.7790333333333334, 0.7841166666666667, 0.8021, 0.76565, 0.8087166666666666, 0.7851833333333333, 0.8023666666666667], "train_accuracy": [0.8733, 0.87595, 0.8751, 0.8909666666666667, 0.8679833333333333, 0.8854, 0.8687166666666667, 0.8863166666666666, 0.8818333333333334, 0.8605666666666667, 0.88575, 0.8647833333333333, 0.8789166666666667, 0.8291833333333334, 0.8643, 0.8506666666666667, 0.8617833333333333, 0.8551166666666666, 0.86155, 0.8430333333333333, 0.8338166666666667, 0.85965, 0.8190666666666667, 0.8262, 0.8459166666666667, 0.8541833333333333, 0.7837833333333334, 0.8601833333333333, 0.8596166666666667, 0.84945, 0.8426666666666667, 0.8573666666666667, 0.834, 0.8407333333333333, 0.85235, 0.8280166666666666, 0.8502333333333333, 0.83075, 0.83035, 0.8011, 0.7699666666666667, 0.8084166666666667, 0.8596666666666667, 0.7798666666666667, 0.7915666666666666, 0.8437833333333333, 0.8115833333333333, 0.7096166666666667, 0.7712833333333333, 0.7863, 0.7922333333333333, 0.8072, 0.7760666666666667, 0.8031166666666667, 0.8189333333333333, 0.8149833333333333, 0.7782333333333333, 0.7715333333333333, 0.8276666666666667, 0.8176166666666667], "valid_accuracy": [0.8585, 0.856, 0.8564, 0.8702, 0.8493, 0.8646, 0.8526, 0.8655, 0.8612, 0.838, 0.8687, 0.8481, 0.8579, 0.8141, 0.8455, 0.8322, 0.8417, 0.8375, 0.8457, 0.8316, 0.8202, 0.8448, 0.8071, 0.812, 0.8283, 0.8425, 0.7727, 0.8477, 0.842, 0.838, 0.8286, 0.8451, 0.8241, 0.8282, 0.8385, 0.8125, 0.8356, 0.8165, 0.8192, 0.7873, 0.7612, 0.8002, 0.8429, 0.7656, 0.7768, 0.8276, 0.7992, 0.7055, 0.7548, 0.7745, 0.776, 0.7967, 0.7636, 0.7898, 0.8062, 0.8054, 0.7638, 0.7563, 0.8185, 0.8093]}