{"config": {"learning_rate": 0.001, "dropout": 0.2, "batch_size": 100, "epochs": 60, "S2F": true, "train_all": true}, "train_loss_incorrect": [1.5778877705335617, 1.5487143500645955, 1.543044814268748, 1.5392635808388393, 1.5369151057799657, 1.5354541220267615, 1.5335963167746862, 1.5345298351844152, 1.5333061136802038, 1.533146332502365, 1.5350987289349238, 1.5368404171864192, 1.5401473905642826, 1.5385564496119817, 1.5382110242048899, 1.5409269859393437, 1.5407274180650712, 1.5422508591413497, 1.5422787046432496, 1.5425495354334513, 1.5453116579850514, 1.544391239285469, 1.550666559934616, 1.5484728064139683, 1.5512422476212184, 1.5548150922854742, 1.5544235746065775, 1.5575773308674494, 1.5520534429947535, 1.5515378572543461, 1.5556191823879877, 1.5604383343458175, 1.5535379350185394, 1.557468521197637, 1.5568250258763632, 1.5621345426638922, 1.5606766057014465, 1.5580597474177678, 1.567545859615008, 1.5747847718000412, 1.5777550250291825, 1.5705253060658773, 1.5652453609307606, 1.570761338075002, 1.5759984610478084, 1.5779552827278773, 1.5694740696748097, 1.5828959490855534, 1.5703402157624562, 1.578257691860199, 1.57410214026769, 1.5769066804647445, 1.587651099562645, 1.5814064292112986, 1.5772349896033604, 1.5936535038550694, 1.578473199804624, 1.5922332412004472, 1.5945479130744935, 1.6033872520923615], "train_loss": [1.5439155276616414, 1.5329991553227107, 1.5330505569775899, 1.5300759627421696, 1.527623965938886, 1.5238376577695212, 1.5238081630071003, 1.522155579328537, 1.5202470997969308, 1.529359839161237, 1.5207225281000136, 1.5255006217956544, 1.5296300548315047, 1.5302306660016378, 1.5322456280390422, 1.530553223292033, 1.5280673342943192, 1.5287768119573593, 1.5299598864714306, 1.5380602626005808, 1.528873572945595, 1.5359395915269851, 1.544788001179695, 1.534096815387408, 1.5378392652670543, 1.5388762785991033, 1.5415623903274536, 1.5429505701859791, 1.5414875584840775, 1.538804850578308, 1.5506632622083028, 1.5445013006528219, 1.541451334754626, 1.5384879690408706, 1.5622301838795345, 1.5511480391025543, 1.5545560242732366, 1.5448859937985737, 1.5732490859429042, 1.5622416446606318, 1.5668256630500157, 1.5536423472563425, 1.5633380313714345, 1.5545687508583068, 1.5925723737478257, 1.5545520242055257, 1.5601638078689575, 1.5626656836271287, 1.567781376640002, 1.5547666825850806, 1.5754727482795716, 1.5571959106127422, 1.5695360944668453, 1.5650755359729132, 1.5825796389579774, 1.5821044647693634, 1.5711680076519647, 1.5936073873440424, 1.60487948735555, 1.5816914023955664], "valid_loss": [1.5575908601284028, 1.548510890007019, 1.547192052602768, 1.5485582768917083, 1.5435772383213042, 1.5409570229053497, 1.5425017261505127, 1.5410518264770507, 1.5385729467868805, 1.547715082168579, 1.5413464415073395, 1.5424381160736085, 1.5461080944538117, 1.5474304914474488, 1.549351760149002, 1.5486546397209167, 1.5465065598487855, 1.5462105786800384, 1.5481958091259003, 1.5537010526657105, 1.546748342514038, 1.5511716318130493, 1.5606151771545411, 1.555141966342926, 1.5573405599594117, 1.5541279089450837, 1.556691780090332, 1.5609353613853454, 1.5572030913829804, 1.5540792620182038, 1.5693235170841218, 1.56073588013649, 1.556481297016144, 1.553522539138794, 1.5746607851982117, 1.5676772427558898, 1.5723219799995423, 1.5624886310100556, 1.590423150062561, 1.5773570024967194, 1.5795261919498444, 1.5664547026157378, 1.5750152051448822, 1.5689862298965453, 1.6076643204689025, 1.56576433300972, 1.5719268679618836, 1.5778111946582793, 1.5824989759922028, 1.5682964885234834, 1.5885529172420503, 1.5724369502067566, 1.5865716993808747, 1.5792058634757995, 1.596604220867157, 1.594076476097107, 1.5824178397655486, 1.6035334014892577, 1.6158406329154968, 1.5947244262695313], "train_accuracy_incorrect": [0.8280833333333333, 0.8639333333333333, 0.8705, 0.8744666666666666, 0.87045, 0.8728, 0.8735333333333334, 0.8705833333333334, 0.8743, 0.8708833333333333, 0.8657333333333334, 0.85695, 0.8548666666666667, 0.8486, 0.85535, 0.8456833333333333, 0.8579666666666667, 0.8503666666666667, 0.82605, 0.8384666666666667, 0.8415, 0.83795, 0.8194, 0.8406, 0.8253833333333334, 0.8268666666666666, 0.80725, 0.7910833333333334, 0.8089833333333334, 0.8206666666666667, 0.8227166666666667, 0.8186666666666667, 0.8243666666666667, 0.82575, 0.8180666666666667, 0.7784666666666666, 0.8098666666666666, 0.8240833333333333, 0.83805, 0.8121833333333334, 0.7998833333333333, 0.7949166666666667, 0.8062, 0.81345, 0.8097166666666666, 0.7797, 0.7815333333333333, 0.798, 0.8035166666666667, 0.8028, 0.8216666666666667, 0.80915, 0.8197666666666666, 0.7911666666666667, 0.8111666666666667, 0.7728833333333334, 0.7825333333333333, 0.7629666666666667, 0.8168, 0.80775], "train_accuracy": [0.8696, 0.8820166666666667, 0.8854333333333333, 0.8881, 0.88365, 0.89515, 0.8827, 0.88635, 0.8913333333333333, 0.8715833333333334, 0.8852, 0.8710666666666667, 0.8655, 0.87055, 0.8358, 0.8565333333333334, 0.8689, 0.8565833333333334, 0.8320833333333333, 0.8560833333333333, 0.8625, 0.8259166666666666, 0.8360833333333333, 0.8522333333333333, 0.83965, 0.833, 0.8137166666666666, 0.8325666666666667, 0.8388166666666667, 0.848, 0.8087833333333333, 0.8642666666666666, 0.8525333333333334, 0.8459333333333333, 0.77935, 0.7879, 0.83805, 0.8457833333333333, 0.8370833333333333, 0.8137833333333333, 0.7663, 0.77915, 0.8405833333333333, 0.8299333333333333, 0.7947, 0.7942166666666667, 0.8202, 0.82205, 0.7996666666666666, 0.81515, 0.80635, 0.8386333333333333, 0.8496333333333334, 0.8105333333333333, 0.7988166666666666, 0.7710333333333333, 0.7721333333333333, 0.8050666666666667, 0.82735, 0.8112333333333334], "valid_accuracy": [0.8553, 0.866, 0.8658, 0.8676, 0.8663, 0.8697, 0.8629, 0.8699, 0.8707, 0.8569, 0.8655, 0.8561, 0.8507, 0.8527, 0.8207, 0.8401, 0.8496, 0.8418, 0.8181, 0.8445, 0.8469, 0.8145, 0.8251, 0.8387, 0.8199, 0.8219, 0.8042, 0.8209, 0.8286, 0.8375, 0.7969, 0.8502, 0.8408, 0.8401, 0.7716, 0.7769, 0.8232, 0.8333, 0.8242, 0.8056, 0.7563, 0.7708, 0.8292, 0.8207, 0.7843, 0.7847, 0.8105, 0.8082, 0.788, 0.8039, 0.7968, 0.8282, 0.8354, 0.7996, 0.7869, 0.763, 0.7615, 0.7963, 0.8209, 0.8013]}