{"id": 1, "train_loss_incorrect": [1.6467418269316356, 1.5838556041320164, 1.5756735263268153, 1.570558223327001, 1.5678029626607894, 1.5659237404664357, 1.5640457210938137, 1.5633847920099895, 1.562368367910385, 1.5620639926195146, 1.56043236831824, 1.5603293325503667, 1.5600928322474161, 1.560679206252098, 1.5596287816762924, 1.5594929897785186, 1.5591818948586782, 1.557756990591685, 1.5584578347206115, 1.5583672793706258, 1.5580046461025874, 1.5578841511408488, 1.5581126912434895, 1.5572746562957764, 1.5576452926794688, 1.5569477736949922, 1.5574123962720234, 1.5579134539763133, 1.5567770526806513, 1.5575118645032247, 1.5573021707932155, 1.55738685131073, 1.5566837455828983, 1.5565424571434656, 1.5564133510986964, 1.557074783841769, 1.5565089641014735, 1.5561380179723103, 1.55639912545681, 1.5565478360652925, 1.5568125770489374, 1.5563450129826863, 1.55620818734169, 1.556390444636345, 1.5563842481374741, 1.556089185476303, 1.5562875457604726, 1.556154510974884, 1.5553008174896241, 1.5560757553577422, 1.5553648261229198, 1.5559684091806412, 1.55576007604599, 1.5559080052375793, 1.5557923982540767, 1.555761958559354, 1.5561865176757177, 1.555635653535525, 1.5555195645491282, 1.5559211951494216], "train_loss": [1.6108763778209687, 1.586928823987643, 1.5760789932807286, 1.5695853940645854, 1.5656280440092087, 1.5620571178197862, 1.5602297651767731, 1.559233614007632, 1.5560122166077297, 1.555378873348236, 1.5541327736775081, 1.552702697912852, 1.5531812381744385, 1.551882108648618, 1.5509204918146133, 1.5510471793015799, 1.5497900336980819, 1.5496806180477143, 1.5489975299437841, 1.5484760282437007, 1.5478734757502874, 1.5480070841312408, 1.547993142604828, 1.547513840595881, 1.5475307740767796, 1.5477623240152996, 1.5472005573908487, 1.5468995906909306, 1.5465671157836913, 1.5467206194003422, 1.5460304995377858, 1.5463837925593058, 1.5456458105643591, 1.5455446084340414, 1.5454090623060863, 1.5458362245559691, 1.545420639514923, 1.5454419515530269, 1.5448774055639902, 1.544698961575826, 1.545318627556165, 1.5444399936993918, 1.544431260029475, 1.544859977165858, 1.5443675728638966, 1.5440059955914816, 1.5439762075742085, 1.5444094455242157, 1.5443183467785517, 1.5444521502653759, 1.543786558508873, 1.543863815466563, 1.5436794086297354, 1.5444900012016296, 1.5436304700374603, 1.5438911497592926, 1.5443879506985347, 1.5439836084842682, 1.5429157890876135, 1.5434063653151193], "valid_loss": [1.6184048175811767, 1.5958148539066315, 1.585554345846176, 1.5796021270751952, 1.57593084692955, 1.572609975337982, 1.5707162165641784, 1.5707061302661895, 1.5671321475505828, 1.5663160073757172, 1.5655141186714172, 1.5639565730094909, 1.5655037462711334, 1.5640120232105255, 1.562474844455719, 1.5625775825977326, 1.5616268301010132, 1.5610738444328307, 1.5616519403457643, 1.5609832227230072, 1.560064091682434, 1.5606938445568084, 1.5606104445457458, 1.5598488008975984, 1.560251657962799, 1.559986138343811, 1.5597456943988801, 1.5597139871120453, 1.5599530971050262, 1.5600108993053436, 1.5595390546321868, 1.5597155272960663, 1.5587583780288696, 1.5585811603069306, 1.5588083398342132, 1.5583918237686156, 1.5589824604988098, 1.5582553339004517, 1.5586040019989014, 1.5579233217239379, 1.558585352897644, 1.5582240891456605, 1.55761860370636, 1.5583774316310883, 1.5581505441665648, 1.557782576084137, 1.5578169524669647, 1.5576538240909577, 1.557343819141388, 1.5579088151454925, 1.5572783994674682, 1.5568909919261933, 1.5563613188266754, 1.5576876103878021, 1.5574632704257965, 1.557181055545807, 1.5575137078762054, 1.5578416037559508, 1.556365875005722, 1.5573508417606354], "train_precision_incorrect": [0.80865, 0.85075, 0.8555666666666667, 0.8590666666666666, 0.8600166666666667, 0.8608833333333333, 0.8622333333333333, 0.8616166666666667, 0.8615666666666667, 0.8612, 0.8635333333333334, 0.86385, 0.86435, 0.8627333333333334, 0.86285, 0.8630666666666666, 0.8641833333333333, 0.8658666666666667, 0.8627666666666667, 0.8634833333333334, 0.86495, 0.8642666666666666, 0.8655166666666667, 0.8639666666666667, 0.8652333333333333, 0.8642833333333333, 0.86405, 0.8638666666666667, 0.8638, 0.8648666666666667, 0.8653333333333333, 0.8643666666666666, 0.8650166666666667, 0.86345, 0.86475, 0.8647333333333334, 0.8645, 0.8651166666666666, 0.8638833333333333, 0.86385, 0.8652, 0.8633166666666666, 0.8643, 0.86355, 0.8637833333333333, 0.8648, 0.8635833333333334, 0.8653333333333333, 0.8643166666666666, 0.8638333333333333, 0.8645333333333334, 0.8640666666666666, 0.8632833333333333, 0.8656833333333334, 0.8639666666666667, 0.8647, 0.8631833333333333, 0.86525, 0.8651333333333333, 0.8648833333333333], "train_precision": [0.8546666666666667, 0.8655833333333334, 0.8696333333333334, 0.8725, 0.8737833333333334, 0.8731, 0.8744, 0.8751166666666667, 0.8768833333333333, 0.87615, 0.87645, 0.8771, 0.8751166666666667, 0.8773833333333333, 0.8775166666666666, 0.8779666666666667, 0.87855, 0.8778, 0.8768666666666667, 0.8781, 0.88025, 0.8789666666666667, 0.8789, 0.8788833333333333, 0.87865, 0.8801833333333333, 0.8799333333333333, 0.8789666666666667, 0.87885, 0.8790333333333333, 0.8796833333333334, 0.8796166666666667, 0.87955, 0.8789666666666667, 0.87945, 0.87955, 0.8802, 0.87905, 0.8788166666666667, 0.8798166666666667, 0.8784, 0.8805, 0.8802333333333333, 0.87915, 0.8789166666666667, 0.87945, 0.8797666666666667, 0.8786166666666667, 0.8780833333333333, 0.8793166666666666, 0.8798833333333334, 0.87955, 0.8784833333333333, 0.879, 0.8793666666666666, 0.87985, 0.8790833333333333, 0.8806, 0.8802166666666666, 0.87975], "valid_precision": [0.8436, 0.8541, 0.8582, 0.8606, 0.8627, 0.8614, 0.8626, 0.8624, 0.8661, 0.8648, 0.8655, 0.8663, 0.8638, 0.866, 0.8668, 0.8679, 0.8686, 0.8682, 0.8663, 0.8674, 0.8697, 0.868, 0.8672, 0.8683, 0.8662, 0.8675, 0.8683, 0.8656, 0.866, 0.8655, 0.8666, 0.8662, 0.8663, 0.868, 0.8669, 0.8661, 0.8687, 0.8675, 0.8685, 0.8685, 0.8668, 0.8703, 0.8671, 0.8673, 0.8692, 0.8699, 0.8708, 0.8706, 0.8696, 0.8675, 0.8683, 0.8688, 0.8684, 0.8662, 0.8691, 0.8697, 0.869, 0.8682, 0.8702, 0.8694]}