{"id": 2, "train_loss_incorrect": [1.5890911271174748, 1.547721872528394, 1.5388694210847218, 1.5321282605330149, 1.527171904842059, 1.5227435427904128, 1.5201556293169658, 1.5168722609678904, 1.5143915700912476, 1.5122191113233567, 1.5098457332452138, 1.5090916194518407, 1.5072267685333889, 1.5051391905546188, 1.5047239051262538, 1.5029101592302323, 1.5020489331086477, 1.4999122281869253, 1.4995784298578898, 1.498182651400566, 1.497479917605718, 1.4972338591019312, 1.4965969290335972, 1.496030925710996, 1.495459354519844, 1.4949356706937154, 1.4945977640151977, 1.493351072271665, 1.4932082696755726, 1.4922051833073298, 1.491987609465917, 1.4912904131412505, 1.4907151768604914, 1.491006153623263, 1.4907117797931035, 1.4894649946689607, 1.4897987478971482, 1.489491492708524, 1.4893515449762345, 1.489256623983383, 1.489608146150907, 1.489175293048223, 1.487405225833257, 1.4889105929931006, 1.4880880568424861, 1.4878300789992014, 1.4874454909563064, 1.4887945926189423, 1.487388520638148, 1.4871670200427374, 1.4869351675113043, 1.4871142888069153, 1.4874504903952281, 1.4864014025529226, 1.4859700268507003, 1.486835751136144, 1.4855387876431148, 1.485945504705111, 1.4859994033972421, 1.485693834821383], "train_loss": [1.5511983611186346, 1.5363787325223286, 1.5321616862217586, 1.5238388017813365, 1.5200448830922444, 1.5175196033716203, 1.5118648648262023, 1.5119609226783117, 1.5057492405176163, 1.50519271393617, 1.5037717368205388, 1.5009800004959106, 1.5003869390487672, 1.4981643903255462, 1.5002861209710439, 1.4948821572462718, 1.4951093264420827, 1.4954517724116643, 1.493448499639829, 1.494057796796163, 1.4903821408748628, 1.490924282670021, 1.4897649363676706, 1.4889824360609054, 1.489273662964503, 1.4895691217978795, 1.4892025089263916, 1.4868571879466375, 1.485818604628245, 1.4871644181013108, 1.4850134432315827, 1.4848169300953546, 1.4851059138774871, 1.4840855089823406, 1.4845371840397517, 1.4828917866945266, 1.483309893409411, 1.483139564593633, 1.485651945869128, 1.4823579243818918, 1.4824890089035034, 1.483440541625023, 1.4823293503125508, 1.482557458082835, 1.481571432153384, 1.4824575996398925, 1.482315154472987, 1.4817388174931208, 1.4814632191260655, 1.4810043754180273, 1.4825101115306218, 1.4818615372975668, 1.4802070053418477, 1.481864684820175, 1.4803007447719574, 1.4796536417802175, 1.4810018400351206, 1.4798551416397094, 1.4817156211535136, 1.4784573984146119], "valid_loss": [1.5608274304866792, 1.5483690524101257, 1.544365484714508, 1.5376195454597472, 1.5341611731052398, 1.5327573573589326, 1.529648494720459, 1.52838476061821, 1.5259570682048798, 1.5255952417850493, 1.5253853392601013, 1.525547342300415, 1.5228174495697022, 1.522145174741745, 1.5258159017562867, 1.5210417056083678, 1.5221538627147675, 1.519737310409546, 1.5202017760276794, 1.5198061549663544, 1.519326729774475, 1.5207588040828706, 1.5215065169334412, 1.5196532571315766, 1.5205034971237184, 1.5198107767105102, 1.5225327694416046, 1.518805046081543, 1.5172714293003082, 1.518193473815918, 1.5181480526924134, 1.5189510381221771, 1.5174547362327575, 1.518034794330597, 1.5184798955917358, 1.5192067372798919, 1.5191277003288268, 1.5156355118751526, 1.5178928339481355, 1.5169755041599273, 1.5186820387840272, 1.517266662120819, 1.519129399061203, 1.5212438702583313, 1.5213351225852967, 1.5227412152290345, 1.5180101084709168, 1.5165177059173585, 1.5196892499923706, 1.5170079147815705, 1.5180164670944214, 1.5221691393852235, 1.5185348427295684, 1.5226487195491791, 1.520334941148758, 1.5189653551578521, 1.5204876232147218, 1.5178003776073457, 1.519343191385269, 1.5179788398742675], "train_precision_incorrect": [0.8248166666666666, 0.87225, 0.8831666666666667, 0.89065, 0.89615, 0.9023666666666667, 0.9061666666666667, 0.9104833333333333, 0.9134166666666667, 0.9168666666666667, 0.9198333333333333, 0.92135, 0.9232166666666667, 0.9274833333333333, 0.9280166666666667, 0.93125, 0.9329666666666667, 0.9346666666666666, 0.9360666666666667, 0.9375333333333333, 0.9388166666666666, 0.9392166666666667, 0.9391833333333334, 0.9421166666666667, 0.9426666666666667, 0.9426666666666667, 0.94415, 0.9449333333333333, 0.9450166666666666, 0.9467166666666667, 0.9483833333333334, 0.9494666666666667, 0.9489833333333333, 0.9509666666666666, 0.95135, 0.9522666666666667, 0.9513, 0.9504, 0.9507166666666667, 0.9516, 0.951, 0.95105, 0.9552, 0.9526166666666667, 0.9542333333333334, 0.9549, 0.95585, 0.95475, 0.9564666666666667, 0.95555, 0.9577, 0.9568833333333333, 0.95545, 0.9562833333333334, 0.9570333333333333, 0.9556666666666667, 0.9584, 0.9578, 0.9580666666666666, 0.95685], "train_precision": [0.8699, 0.8885333333333333, 0.8904833333333333, 0.9032333333333333, 0.9075666666666666, 0.9091833333333333, 0.9176166666666666, 0.9189333333333334, 0.92525, 0.92735, 0.9276333333333333, 0.93185, 0.9350166666666667, 0.9366833333333333, 0.9362833333333334, 0.9427833333333333, 0.94235, 0.94345, 0.94665, 0.9454833333333333, 0.9482333333333334, 0.94865, 0.9506333333333333, 0.9530833333333333, 0.95075, 0.9517166666666667, 0.94985, 0.9535333333333333, 0.9556833333333333, 0.9552666666666667, 0.9593833333333334, 0.95785, 0.95825, 0.9594833333333334, 0.9581833333333334, 0.9614666666666667, 0.96145, 0.9612833333333334, 0.9596333333333333, 0.96205, 0.9605, 0.9623833333333334, 0.9630666666666666, 0.9616666666666667, 0.9643833333333334, 0.9606333333333333, 0.9634166666666667, 0.9654666666666667, 0.9659166666666666, 0.9664833333333334, 0.96455, 0.96225, 0.9655333333333334, 0.96175, 0.9647833333333333, 0.9671, 0.9654666666666667, 0.9676, 0.9623833333333334, 0.9689666666666666], "valid_precision": [0.8601, 0.8776, 0.8766, 0.8922, 0.8927, 0.8925, 0.8979, 0.8961, 0.9038, 0.9076, 0.905, 0.9072, 0.9112, 0.9101, 0.9077, 0.9139, 0.9126, 0.914, 0.9156, 0.9152, 0.9165, 0.9114, 0.9177, 0.9192, 0.917, 0.9161, 0.9139, 0.918, 0.9207, 0.9161, 0.9208, 0.921, 0.9216, 0.9203, 0.9185, 0.9218, 0.9228, 0.9219, 0.919, 0.9224, 0.9203, 0.9217, 0.9204, 0.9196, 0.9226, 0.9189, 0.9197, 0.9212, 0.9208, 0.9221, 0.9223, 0.9174, 0.9218, 0.9174, 0.92, 0.9207, 0.9193, 0.9216, 0.9169, 0.9233]}