{"train_loss_incorrect": [1.6324196809530258, 1.5675680899620057, 1.547118846575419, 1.5377356791496277, 1.531325990955035, 1.5263671884934107, 1.5219935401280722, 1.5192672473192215, 1.5169870672623316, 1.5132738969723383, 1.5110951350132624, 1.5092053206761677, 1.5072759107748668, 1.5054957526922226, 1.5042160270611444, 1.5020223897695542, 1.5009054003159206, 1.499830708305041, 1.4994560662905376, 1.4974138353268305, 1.497686563928922, 1.4963122854630153, 1.4952793715397517, 1.4941995203495027, 1.4941079159577688, 1.4934438782930375, 1.4926902258396149, 1.4911631820599238, 1.491232219338417, 1.490576412876447, 1.4898451491196951, 1.489708739121755, 1.488200052579244, 1.489097594221433, 1.4884255719184876, 1.4881750764449437, 1.488139536778132, 1.4876811196406683, 1.4871694785356522, 1.4870044442017873, 1.4861483108997344, 1.486083011031151, 1.486360401113828, 1.484662079811096, 1.4850647622346878, 1.4849933526913326, 1.484817480246226, 1.4843468066056569, 1.4840741107861202, 1.4842534830172858, 1.483044823606809, 1.4840105895201365, 1.4840006186564763, 1.4832333248853684, 1.4831363413731258, 1.483742484052976, 1.4830962022145588, 1.4827432648340861, 1.4823877529303233, 1.4820717581113179], "train_loss": [1.5951418040196101, 1.5523907123009364, 1.537302819689115, 1.5320929171641668, 1.526516568660736, 1.5186978995800018, 1.5178674791256588, 1.5132399876912435, 1.5104312545061112, 1.5094193758567174, 1.5054094622532526, 1.5031668510039646, 1.5015530465046565, 1.499741366704305, 1.4971248487631479, 1.4962338894605636, 1.4933603084087372, 1.4931839748223623, 1.4928558218479155, 1.493223060766856, 1.489858900308609, 1.4897509318590165, 1.4900463678439457, 1.489493389725685, 1.490532797574997, 1.4886386919021606, 1.4869551515579225, 1.4846534301837286, 1.4849782866239547, 1.4839180697997412, 1.486182752251625, 1.4834566754102707, 1.4838753388325374, 1.4837867106993994, 1.4834605699777603, 1.485313244064649, 1.482859922448794, 1.4809059669574103, 1.480271569887797, 1.4804764942328135, 1.4801023741563162, 1.4798834749062857, 1.48111188352108, 1.4801575869321824, 1.4798210855325062, 1.4784153286616009, 1.4783990822235744, 1.4787081430355709, 1.4772201869885127, 1.4779165810346604, 1.4771308732032775, 1.4809950562318166, 1.4778746132055918, 1.4775736451148986, 1.478602595527967, 1.4770075436433157, 1.4792795938253402, 1.4784124120076498, 1.4773357822497686, 1.4793459635972976], "valid_loss": [1.6010304057598115, 1.5618322825431823, 1.5475617372989654, 1.5436628890037536, 1.5392876887321472, 1.5328459024429322, 1.5312773430347442, 1.529254022836685, 1.5258637607097625, 1.5264485991001129, 1.523163479566574, 1.5221481013298035, 1.5206617426872253, 1.5221375381946565, 1.5176951229572295, 1.5192139947414398, 1.5171779632568358, 1.5174854266643525, 1.5169577181339264, 1.5170258271694184, 1.5160684382915497, 1.5175370395183563, 1.5189446163177491, 1.5172673344612122, 1.5158920729160308, 1.517532353401184, 1.5155512952804566, 1.5169315421581269, 1.5176658892631532, 1.5155663549900056, 1.5179930305480958, 1.5131770467758179, 1.5177436089515686, 1.5170162105560303, 1.517736520767212, 1.5171852564811708, 1.51569833278656, 1.5183533143997192, 1.5166915154457092, 1.5149094295501708, 1.5146418452262878, 1.5152510499954224, 1.516830621957779, 1.517100681066513, 1.51599640250206, 1.517638428211212, 1.5202671766281128, 1.5167320954799652, 1.5166715800762176, 1.5162153267860412, 1.5161619198322296, 1.5213473808765412, 1.5169213366508485, 1.5187316238880157, 1.520047172307968, 1.5165301036834717, 1.5160925912857055, 1.5195195615291595, 1.5197505068778991, 1.5217293071746827], "train_precision_incorrect": [0.7064166666666667, 0.8375666666666667, 0.8690333333333333, 0.88145, 0.89005, 0.8977666666666667, 0.9055333333333333, 0.9078833333333334, 0.9117166666666666, 0.9161, 0.9196833333333333, 0.9220833333333334, 0.9243666666666667, 0.9268833333333333, 0.9286, 0.9314333333333333, 0.934, 0.9355666666666667, 0.9348666666666666, 0.9363833333333333, 0.93905, 0.9410333333333334, 0.9416333333333333, 0.9441666666666667, 0.9457333333333333, 0.9460166666666666, 0.9469166666666666, 0.9485166666666667, 0.9478666666666666, 0.9487, 0.9518166666666666, 0.9519166666666666, 0.9537666666666667, 0.9537333333333333, 0.9542166666666667, 0.9539, 0.9550333333333333, 0.9548333333333333, 0.95605, 0.9563333333333334, 0.9573, 0.9589833333333333, 0.9582333333333334, 0.9604, 0.9607833333333333, 0.9598833333333333, 0.9603333333333334, 0.9603166666666667, 0.9599333333333333, 0.9612333333333334, 0.9630166666666666, 0.96075, 0.9600666666666666, 0.96155, 0.96145, 0.9616166666666667, 0.9641666666666666, 0.96405, 0.9646, 0.9645], "train_precision": [0.8050666666666667, 0.8584833333333334, 0.8825666666666667, 0.88815, 0.9000833333333333, 0.9091, 0.9130166666666667, 0.9146333333333333, 0.9204, 0.92045, 0.9289833333333334, 0.93225, 0.9325833333333333, 0.93485, 0.9381, 0.9405166666666667, 0.9448166666666666, 0.9442, 0.9467666666666666, 0.9457666666666666, 0.9490833333333333, 0.9493666666666667, 0.9497666666666666, 0.9517, 0.9502166666666667, 0.9523833333333334, 0.95585, 0.9585166666666667, 0.9575, 0.9610666666666666, 0.95715, 0.96145, 0.95965, 0.9599666666666666, 0.9614166666666667, 0.9591666666666666, 0.9619666666666666, 0.9653333333333334, 0.9669333333333333, 0.9671, 0.9654666666666667, 0.9688, 0.9672333333333333, 0.9676333333333333, 0.9690833333333333, 0.9695, 0.97005, 0.9698, 0.9709333333333333, 0.9691333333333333, 0.9713166666666667, 0.9643666666666667, 0.97115, 0.97215, 0.9696333333333333, 0.9719666666666666, 0.9705333333333334, 0.96935, 0.97065, 0.9696166666666667], "valid_precision": [0.7933, 0.8471, 0.8734, 0.8791, 0.8852, 0.8958, 0.8989, 0.8985, 0.9041, 0.9017, 0.9086, 0.9123, 0.9082, 0.9129, 0.9136, 0.9152, 0.9168, 0.9164, 0.9163, 0.9145, 0.9176, 0.9168, 0.9182, 0.916, 0.9171, 0.9169, 0.92, 0.9218, 0.9168, 0.9218, 0.9182, 0.9238, 0.9212, 0.9211, 0.9188, 0.9198, 0.9206, 0.9224, 0.924, 0.9242, 0.9232, 0.925, 0.9227, 0.9235, 0.9243, 0.9265, 0.9271, 0.9238, 0.9253, 0.9238, 0.9261, 0.9158, 0.9245, 0.9228, 0.9223, 0.9217, 0.9236, 0.9206, 0.9195, 0.9227]}