{"train_loss_incorrect": [1.5917902813355127, 1.547958531578382, 1.5380427249272663, 1.5313873769839605, 1.5272415000200272, 1.5225311277310054, 1.5194162410497665, 1.5172215431928635, 1.514516833225886, 1.5123585190375646, 1.5097311554352442, 1.5089763794342677, 1.5069073071082433, 1.5048655263582866, 1.50412202835083, 1.5031096331278484, 1.5016005700826645, 1.5001802126566568, 1.499846976796786, 1.498271387219429, 1.4981405673424404, 1.4963558626174926, 1.4961139810085298, 1.4958471562465032, 1.49487750907739, 1.4946957306067148, 1.4931106911102932, 1.4925795590877533, 1.4927513215939203, 1.4916523152589798, 1.4912872876723606, 1.4920997593800227, 1.491371172865232, 1.4903345664342245, 1.490289307832718, 1.4897371423244476, 1.489255765279134, 1.4889642449220022, 1.4890305427710215, 1.4880548534790674, 1.4887553737560908, 1.4881152737140655, 1.48811241209507, 1.4867271131277084, 1.4872554258505504, 1.4870881523688635, 1.4873701989650727, 1.4866508283217748, 1.486618796189626, 1.4866937925418218, 1.4862794959545136, 1.4867008529106776, 1.4857461132605871, 1.4852609324455261, 1.485725101828575, 1.4861016730467478, 1.4852033668756486, 1.4857098776102067, 1.4854973554611206, 1.4858883992830911], "train_loss": [1.5477377919356028, 1.5347083499034246, 1.528615875840187, 1.52556767086188, 1.521115316549937, 1.5161236582199733, 1.5127981324990591, 1.5101819217205048, 1.5078098638852437, 1.505378896991412, 1.505753381649653, 1.5010346929232279, 1.4977568233013152, 1.4978031917413075, 1.4958576579888663, 1.4956249763568243, 1.4935697235663732, 1.4948088455200195, 1.4932477567593256, 1.4954914611577987, 1.4913653987646103, 1.4919741797447204, 1.4900109342734018, 1.4881446224451065, 1.489833913842837, 1.4881623866160711, 1.4859315534432729, 1.4886185711622237, 1.4871833531061809, 1.4852859383821488, 1.4861899258693059, 1.4874063899119696, 1.484461607336998, 1.4851017600297929, 1.48594912648201, 1.4826071037848791, 1.482826830347379, 1.4847238922119141, 1.4818905119101207, 1.4830346528689067, 1.4826225205262502, 1.4813775332768757, 1.4805413289864857, 1.480090225537618, 1.4823844353357951, 1.4796544035275778, 1.48179330209891, 1.4798085763057074, 1.480523852109909, 1.4803433587153754, 1.4815079524119694, 1.4800265983740488, 1.479497806429863, 1.4800341053803763, 1.4813221393028895, 1.4801594960689544, 1.47851083000501, 1.4806058275699616, 1.4802195503314337, 1.4789854486783345], "valid_loss": [1.557024827003479, 1.5471333801746368, 1.5418851065635681, 1.5399250960350037, 1.5369564914703369, 1.532995219230652, 1.5303108179569245, 1.5285600233078003, 1.5273845100402832, 1.5257291507720947, 1.5259272003173827, 1.5226742732524872, 1.5209465944766998, 1.5214437294006347, 1.5221487367153168, 1.5205007219314575, 1.5201252806186676, 1.5206465005874634, 1.5201726734638215, 1.525507196187973, 1.5221132683753966, 1.5232962226867677, 1.520246410369873, 1.5200603055953978, 1.5197954976558685, 1.5202540051937103, 1.5181116902828216, 1.522561113834381, 1.5191115617752076, 1.517843269109726, 1.518073890209198, 1.5221893250942231, 1.5198634219169618, 1.5191895747184754, 1.521821438074112, 1.5185000109672546, 1.5209261655807496, 1.5180606162548065, 1.520038412809372, 1.5204984438419342, 1.5216368079185485, 1.518427894115448, 1.5193667197227478, 1.5185196614265442, 1.5221552634239197, 1.5203959560394287, 1.520762323141098, 1.5222874057292939, 1.5218923497200012, 1.5201187229156494, 1.5235781276226044, 1.518365375995636, 1.5193147265911102, 1.5227848541736604, 1.5222947776317597, 1.5176450562477113, 1.520445342063904, 1.5215860247611999, 1.5209027743339538, 1.5221851789951324], "train_precision_incorrect": [0.8230333333333333, 0.8729666666666667, 0.8842666666666666, 0.8926, 0.8977, 0.9032166666666667, 0.9068833333333334, 0.91095, 0.9135333333333333, 0.91715, 0.9209666666666667, 0.9215166666666667, 0.9238333333333333, 0.9282666666666667, 0.9283666666666667, 0.9310833333333334, 0.9323666666666667, 0.9335333333333333, 0.9354166666666667, 0.9378666666666666, 0.9380666666666667, 0.9396, 0.9413166666666667, 0.9414166666666667, 0.9432666666666667, 0.9443833333333334, 0.9454666666666667, 0.9457666666666666, 0.9472, 0.9485, 0.9490166666666666, 0.94805, 0.9490166666666666, 0.94905, 0.9502666666666667, 0.9505166666666667, 0.9505, 0.9528, 0.9527, 0.9545833333333333, 0.9523166666666667, 0.9535333333333333, 0.9537333333333333, 0.9567166666666667, 0.9547333333333333, 0.9547833333333333, 0.9556833333333333, 0.95535, 0.9567666666666667, 0.9566666666666667, 0.9572, 0.9569333333333333, 0.9586333333333333, 0.95765, 0.9595666666666667, 0.95785, 0.9569166666666666, 0.9584333333333334, 0.9575333333333333, 0.9580333333333333], "train_precision": [0.8753833333333333, 0.88855, 0.9007833333333334, 0.8987666666666667, 0.9066833333333333, 0.91235, 0.9180833333333334, 0.92165, 0.9223166666666667, 0.9259666666666667, 0.9240333333333334, 0.93185, 0.9374, 0.9394333333333333, 0.9402166666666667, 0.9412166666666667, 0.9428666666666666, 0.9419833333333333, 0.94355, 0.9401166666666667, 0.9470833333333334, 0.9459833333333333, 0.9473333333333334, 0.95325, 0.9497833333333333, 0.9542333333333334, 0.9560333333333333, 0.9507333333333333, 0.95375, 0.9576, 0.959, 0.9528833333333333, 0.9572, 0.957, 0.9566666666666667, 0.9602333333333334, 0.9613833333333334, 0.9603, 0.96325, 0.9584166666666667, 0.9610666666666666, 0.9641333333333333, 0.9652333333333334, 0.96605, 0.9615666666666667, 0.9664666666666667, 0.9625, 0.9658, 0.9648, 0.9648833333333333, 0.9645, 0.96705, 0.9677833333333333, 0.96615, 0.9634166666666667, 0.9667666666666667, 0.96935, 0.9633833333333334, 0.9672333333333333, 0.9690166666666666], "valid_precision": [0.8656, 0.876, 0.8859, 0.886, 0.8908, 0.8973, 0.9008, 0.9027, 0.9042, 0.9033, 0.8997, 0.9101, 0.915, 0.9143, 0.912, 0.912, 0.9149, 0.9155, 0.9171, 0.9105, 0.9177, 0.9163, 0.9156, 0.9194, 0.9137, 0.919, 0.9213, 0.9167, 0.9185, 0.9186, 0.9211, 0.9154, 0.9208, 0.9172, 0.9172, 0.9202, 0.9215, 0.92, 0.9223, 0.9176, 0.9178, 0.9203, 0.9229, 0.9237, 0.917, 0.9214, 0.9188, 0.9219, 0.9209, 0.9202, 0.9192, 0.9226, 0.9207, 0.9178, 0.9162, 0.9215, 0.9218, 0.918, 0.9212, 0.9219]}