{
    "train_loss_incorrect": [
        1.6467606663703918,
        1.5840557171901066,
        1.5748788440227508,
        1.5709106415510177,
        1.568152701854706,
        1.5652821838855744,
        1.5646620432535807,
        1.5631308525800705,
        1.5621912171443304,
        1.5622477140029272,
        1.5614523102839788,
        1.5608706667025884,
        1.5597501746813456,
        1.5596126089493434,
        1.5596635389328002,
        1.5596451685825983,
        1.5584721654653548,
        1.5585029510656994,
        1.5587307798862458,
        1.5584182222684224,
        1.5583073115348816,
        1.5582417052984239,
        1.5584090059995652,
        1.5573969795306524,
        1.5573747807741165,
        1.5570425601800282,
        1.5571923607587814,
        1.556983115275701,
        1.5566435088713964,
        1.5570275668303173,
        1.5567518723011018,
        1.5575689182678858,
        1.5562458729743958,
        1.5570709419250488,
        1.5568978444735209,
        1.556418819228808,
        1.5568207816282909,
        1.5561246955394745,
        1.5566547538836797,
        1.5557772992054621,
        1.5562316290537517,
        1.5564176203807194,
        1.5556715101003646,
        1.5563201542695364,
        1.5558118756612143,
        1.5565529042482376,
        1.5563184795777003,
        1.5554202185074488,
        1.5557174571355183,
        1.5557939511537553,
        1.556295528014501,
        1.5559700179100036,
        1.5558780258893967,
        1.5562919469674428,
        1.5562561951080958,
        1.5558051989475885,
        1.5556406392653783,
        1.556890673438708,
        1.5559076577425004,
        1.555994830528895
    ],
    "train_loss": [
        1.6126621945699056,
        1.5871717983484268,
        1.5764560248454411,
        1.5705796325206756,
        1.565769825776418,
        1.5632201455036798,
        1.559947682817777,
        1.5590359367926916,
        1.55647521118323,
        1.5557390214999516,
        1.5538344168663025,
        1.553093254963557,
        1.5527873075008392,
        1.5520337529977162,
        1.5515893872578939,
        1.5511668606599172,
        1.550487161676089,
        1.5509082438548405,
        1.548876379330953,
        1.549060431321462,
        1.5489314736922581,
        1.5487072976430256,
        1.5479488333066305,
        1.5483932679891586,
        1.547616657614708,
        1.5477935016155242,
        1.54684905787309,
        1.5460263645648957,
        1.5474033049742382,
        1.546037690838178,
        1.5463065421581268,
        1.5464216001828512,
        1.54578349173069,
        1.5456517599026363,
        1.5454835879802704,
        1.5454275476932526,
        1.5466736930608749,
        1.5454640533526738,
        1.5453223762909571,
        1.545106949210167,
        1.5444628548622132,
        1.5446051611502964,
        1.544936526020368,
        1.5452307041486104,
        1.5446100980043411,
        1.5441575185457865,
        1.5443305846055349,
        1.5451787694295247,
        1.544467210372289,
        1.5444946362574896,
        1.5438904400666555,
        1.544064616560936,
        1.54388208369414,
        1.5441548315684002,
        1.5436656834681828,
        1.5435336363315582,
        1.54355657239755,
        1.5438845012585323,
        1.5431083474556606,
        1.5430606532096862
    ],
    "valid_loss": [
        1.6202450692653656,
        1.5958559608459473,
        1.586135244369507,
        1.5809431791305542,
        1.5761765682697295,
        1.5738326632976531,
        1.5706363916397095,
        1.5702269566059113,
        1.5674559783935547,
        1.5673341178894042,
        1.5653170895576478,
        1.5647049200534822,
        1.5643257677555085,
        1.5639282369613647,
        1.563488357067108,
        1.5632977414131164,
        1.5628165793418884,
        1.5635827839374543,
        1.561208862066269,
        1.5613616287708283,
        1.5605144810676574,
        1.5616390550136565,
        1.5603371059894562,
        1.5615025281906127,
        1.5604554522037506,
        1.560623313188553,
        1.559750304222107,
        1.5593597948551179,
        1.560030746459961,
        1.5587764513492584,
        1.559293965101242,
        1.55906507730484,
        1.5582321357727051,
        1.5582788789272308,
        1.5587826645374299,
        1.5588073861598968,
        1.5597679090499879,
        1.5589399552345276,
        1.5589593875408172,
        1.5584209048748017,
        1.557908717393875,
        1.558156383037567,
        1.558445496559143,
        1.5586538207530976,
        1.5580002343654633,
        1.557506844997406,
        1.5576670002937316,
        1.558389654159546,
        1.5580214297771453,
        1.558340666294098,
        1.5576053857803345,
        1.5573147869110107,
        1.5578603875637054,
        1.557444884777069,
        1.556589332818985,
        1.5566882157325745,
        1.5570335268974305,
        1.557469435930252,
        1.5565775632858276,
        1.5570379161834718
    ],
    "train_precision_incorrect": [
        0.81045,
        0.8499166666666667,
        0.85545,
        0.8575333333333334,
        0.8597666666666667,
        0.86115,
        0.8623333333333333,
        0.8618333333333333,
        0.8632166666666666,
        0.8619666666666667,
        0.8627666666666667,
        0.8630166666666667,
        0.8636666666666667,
        0.8647166666666667,
        0.8638833333333333,
        0.8638833333333333,
        0.8644,
        0.8642666666666666,
        0.8631666666666666,
        0.86325,
        0.8641,
        0.8639333333333333,
        0.8636666666666667,
        0.8641,
        0.8653333333333333,
        0.8648833333333333,
        0.8659333333333333,
        0.8650666666666667,
        0.8646166666666667,
        0.8656666666666667,
        0.8652166666666666,
        0.8648,
        0.8666,
        0.8641833333333333,
        0.8643666666666666,
        0.8649166666666667,
        0.8637166666666667,
        0.8653333333333333,
        0.86485,
        0.8659666666666667,
        0.86555,
        0.8649833333333333,
        0.8650666666666667,
        0.8643333333333333,
        0.8645333333333334,
        0.8646333333333334,
        0.8627,
        0.8641166666666666,
        0.8663833333333333,
        0.8635666666666667,
        0.8653,
        0.8647166666666667,
        0.86565,
        0.8646333333333334,
        0.865,
        0.86425,
        0.8637,
        0.8646,
        0.8649333333333333,
        0.86445
    ],