{"id": 3, "train_loss_incorrect": [2.3023899559179943, 2.3024459413687386, 2.3024854576587677, 2.3024378963311514, 2.3024569741884866, 2.302424561182658, 2.302457943360011, 2.302455704609553, 2.302474085887273, 2.3024389561017355, 2.3024617556730904, 2.3024929877122244, 2.3024052317937214, 2.302451577981313, 2.3024814772605895, 2.3024682263533274, 2.3024670934677123, 2.3024222191174823, 2.3024532894293466, 2.3024219397703805, 2.3024656522274016, 2.3024891312917073, 2.3024143866697946, 2.30245809117953, 2.3024926578998564, 2.302464591662089, 2.3024587925275166, 2.302510017156601, 2.3024463697274524, 2.302454997698466, 2.3024292131265005, 2.302451170682907, 2.302449944416682, 2.302466632525126, 2.3024694279829663, 2.3024518362681072, 2.3024346816539762, 2.3024527843793234, 2.3024713424841563, 2.302486176490784, 2.3024637122948963, 2.302427310546239, 2.3024548649787904, 2.302434037129084, 2.3024114032586414, 2.3024435981114704, 2.302461924950282, 2.3024242035547893, 2.302470236221949, 2.3024224440256753, 2.3024025265375774, 2.302432744503021, 2.302434368530909, 2.302499972184499, 2.302481099367142, 2.3024434836705527, 2.3024732744693757, 2.302376930316289, 2.3024284303188325, 2.3024570949872336], "train_loss": [2.3023850985368095, 2.3023851267496744, 2.30238512913386, 2.3023851148287453, 2.3023851080735525, 2.3023851180076598, 2.3023851029078166, 2.3023851215839386, 2.302385108470917, 2.3023851152261097, 2.3023851176102954, 2.3023850977420808, 2.3023851176102954, 2.3023851152261097, 2.3023851243654887, 2.3023851176102954, 2.30238512357076, 2.302385110060374, 2.302385127544403, 2.302385115623474, 2.30238512635231, 2.302385114034017, 2.302385107676188, 2.302385106086731, 2.3023851148287453, 2.30238512357076, 2.302385108868281, 2.302385114034017, 2.3023851231733956, 2.3023851172129315, 2.3023851279417675, 2.3023851136366527, 2.302385112841924, 2.3023851180076598, 2.302385107676188, 2.3023851116498313, 2.3023851152261097, 2.3023851195971172, 2.302385138273239, 2.302385114034017, 2.3023851029078166, 2.3023850949605307, 2.3023851180076598, 2.3023850965499877, 2.3023851231733956, 2.3023851176102954, 2.3023851108551026, 2.3023851227760317, 2.3023851176102954, 2.3023851124445596, 2.3023851188023885, 2.3023851259549457, 2.3023851160208384, 2.3023851243654887, 2.3023851239681243, 2.3023851092656455, 2.302385116815567, 2.302385108470917, 2.3023851144313814, 2.3023851227760317], "valid_loss": [2.3023820114135742, 2.302382004261017, 2.302381999492645, 2.302382063865662, 2.302382020950317, 2.302382004261017, 2.3023820161819457, 2.302382028102875, 2.3023820233345034, 2.3023820161819457, 2.302381978034973, 2.3023820066452028, 2.3023820161819457, 2.3023820114135742, 2.3023820090293885, 2.302382056713104, 2.302382004261017, 2.302382028102875, 2.302382020950317, 2.302382049560547, 2.3023819971084594, 2.302382056713104, 2.30238201379776, 2.30238201379776, 2.302382004261017, 2.3023820304870606, 2.302381992340088, 2.3023820328712463, 2.3023820161819457, 2.302382080554962, 2.3023820328712463, 2.302382001876831, 2.3023820066452028, 2.302382049560547, 2.30238201379776, 2.3023820233345034, 2.3023819613456724, 2.302381999492645, 2.3023820233345034, 2.3023820066452028, 2.302382047176361, 2.30238201379776, 2.302382035255432, 2.302382001876831, 2.3023820185661314, 2.3023820424079897, 2.3023820400238035, 2.302382020950317, 2.302382004261017, 2.3023820114135742, 2.3023819971084594, 2.30238201379776, 2.30238201379776, 2.302381982803345, 2.3023819875717164, 2.302382049560547, 2.3023819947242736, 2.3023820304870606, 2.3023820161819457, 2.3023820304870606], "train_precision_incorrect": [0.12565, 0.126, 0.12445, 0.12611666666666665, 0.12448333333333333, 0.12635, 0.12485, 0.12608333333333333, 0.12515, 0.12423333333333333, 0.12573333333333334, 0.12555, 0.12563333333333335, 0.12591666666666668, 0.12475, 0.12565, 0.1243, 0.12563333333333335, 0.12533333333333332, 0.12586666666666665, 0.12558333333333332, 0.12553333333333333, 0.1254, 0.12495, 0.12648333333333334, 0.12405, 0.12535, 0.12578333333333333, 0.12533333333333332, 0.12515, 0.12721666666666667, 0.12556666666666666, 0.12465, 0.12445, 0.12626666666666667, 0.12356666666666667, 0.12545, 0.12568333333333334, 0.12626666666666667, 0.12581666666666666, 0.12616666666666668, 0.12503333333333333, 0.12516666666666668, 0.12551666666666667, 0.12563333333333335, 0.12668333333333334, 0.12521666666666667, 0.12515, 0.12518333333333334, 0.12533333333333332, 0.12593333333333334, 0.12638333333333332, 0.12563333333333335, 0.12553333333333333, 0.12618333333333334, 0.12655, 0.126, 0.12691666666666668, 0.12588333333333335, 0.12508333333333332], "train_precision": [0.12001666666666666, 0.12001666666666666, 0.12001666666666666, 0.12001666666666666, 0.12001666666666666, 0.12001666666666666, 0.12001666666666666, 0.12001666666666666, 0.12001666666666666, 0.12001666666666666, 0.12001666666666666, 0.12001666666666666, 0.12001666666666666, 0.12001666666666666, 0.12001666666666666, 0.12001666666666666, 0.12001666666666666, 0.12001666666666666, 0.12001666666666666, 0.12001666666666666, 0.12001666666666666, 0.12001666666666666, 0.12001666666666666, 0.12001666666666666, 0.12001666666666666, 0.12001666666666666, 0.12001666666666666, 0.12001666666666666, 0.12001666666666666, 0.12001666666666666, 0.12001666666666666, 0.12001666666666666, 0.12001666666666666, 0.12001666666666666, 0.12001666666666666, 0.12001666666666666, 0.12001666666666666, 0.12001666666666666, 0.12001666666666666, 0.12001666666666666, 0.12001666666666666, 0.12001666666666666, 0.12001666666666666, 0.12001666666666666, 0.12001666666666666, 0.12001666666666666, 0.12001666666666666, 0.12001666666666666, 0.12001666666666666, 0.12001666666666666, 0.12001666666666666, 0.12001666666666666, 0.12001666666666666, 0.12001666666666666, 0.12001666666666666, 0.12001666666666666, 0.12001666666666666, 0.12001666666666666, 0.12001666666666666, 0.12001666666666666], "valid_precision": [0.1207, 0.1207, 0.1207, 0.1207, 0.1207, 0.1207, 0.1207, 0.1207, 0.1207, 0.1207, 0.1207, 0.1207, 0.1207, 0.1207, 0.1207, 0.1207, 0.1207, 0.1207, 0.1207, 0.1207, 0.1207, 0.1207, 0.1207, 0.1207, 0.1207, 0.1207, 0.1207, 0.1207, 0.1207, 0.1207, 0.1207, 0.1207, 0.1207, 0.1207, 0.1207, 0.1207, 0.1207, 0.1207, 0.1207, 0.1207, 0.1207, 0.1207, 0.1207, 0.1207, 0.1207, 0.1207, 0.1207, 0.1207, 0.1207, 0.1207, 0.1207, 0.1207, 0.1207, 0.1207, 0.1207, 0.1207, 0.1207, 0.1207, 0.1207, 0.1207]}