{"config": {"learning_rate": 0.001, "dropout": 0.2, "batch_size": 100, "epochs": 60, "S2F": false}, "train_loss_incorrect": [0.024520102709842225, 0.013907546416545907, 0.012340372996404766, 0.011539610276619594, 0.011037300511573752, 0.01069261238599817, 0.010430947320225339, 0.010217115262833735, 0.01005170940887183, 0.009911582398538787, 0.00979688148169468, 0.009684747612724701, 0.009599107829853893, 0.009517261267950137, 0.009439810902501147, 0.009369449362469216, 0.009302242596944173, 0.009240251290611923, 0.009198182972613721, 0.009152076842729001, 0.009107791141141207, 0.009074747613631189, 0.009027860260879, 0.008984447163529695, 0.008962285520974547, 0.008914405099737148, 0.0088893697077098, 0.008854215252989283, 0.008834088800940663, 0.008800456864604105, 0.008781717180584868, 0.008759375085743764, 0.008742214755620807, 0.008701645415276288, 0.008696834800454478, 0.008669958733953535, 0.008648157304463288, 0.008634749773579338, 0.008606483361994226, 0.00858398113011693, 0.00857564820131908, 0.008560036742904535, 0.008548783164005726, 0.008538144405465574, 0.00851645202608779, 0.00849173839824895, 0.00848324703751132, 0.008467706455073009, 0.00845238559646532, 0.00845457297982648, 0.008432188086832564, 0.008417537968295316, 0.008414511211061229, 0.008398154580499978, 0.008388653052194665, 0.008372540209287157, 0.00836622693343088, 0.008358401011209935, 0.008339610133164872, 0.008336843142751604], "train_loss": [0.011848788484930992, 0.00983719708242764, 0.008735916895481447, 0.008237291284215947, 0.007835198394022882, 0.00760931421459342, 0.007206417721851419, 0.007224306131247431, 0.007133672200143337, 0.006709451736727109, 0.00689841265246893, 0.007010809193210055, 0.0064898441134331126, 0.006703852242790163, 0.006650043666207542, 0.0064236986869946125, 0.006501979729315887, 0.006274262433095525, 0.0061481801164336505, 0.006298123901554694, 0.00602948156107838, 0.006229172257396082, 0.006172158203553408, 0.005994597321065763, 0.006130176483032604, 0.006042098394439866, 0.006049096207134425, 0.0058727440781270466, 0.005908562135882676, 0.006046121186421563, 0.005887559220815699, 0.005822930868404607, 0.005924369655549527, 0.005782641305122524, 0.005625166795992603, 0.005718463785015047, 0.0057729347314064705, 0.005551591676194221, 0.005599194448441267, 0.00571479294449091, 0.005752927653957158, 0.005608907806066175, 0.005803735419176519, 0.005392310640309006, 0.00580554469410951, 0.00547607615745316, 0.005567282602035751, 0.00565167044599851, 0.005384709388017654, 0.005540215747896582, 0.0053403091244399545, 0.005582930416955303, 0.005398273727235695, 0.005641509101260453, 0.005419197131413966, 0.005502586235913137, 0.005403122674518575, 0.005401610533396403, 0.00558499541056032, 0.00542466553238531], "valid_loss": [0.011991561744362117, 0.010009947549551725, 0.008928215098567307, 0.008446225537918508, 0.008058457924053073, 0.00783937869593501, 0.007458906285464763, 0.007486949823796749, 0.007399080651812256, 0.006993251862004399, 0.00719041938893497, 0.007307258443906903, 0.006797106740996242, 0.007017827010713518, 0.006961281029507518, 0.006751723666675389, 0.006836685170419514, 0.006612334470264614, 0.0064973661582916975, 0.00664656606502831, 0.00638929151929915, 0.006584553169086575, 0.006529854997061193, 0.0063576045259833335, 0.006494539375416934, 0.0064052061783149835, 0.006424229280091822, 0.006249237577430904, 0.0062829214427620175, 0.006425152411684394, 0.006274664588272571, 0.006203163368627429, 0.006309303110465407, 0.006168359229341149, 0.006016751900315285, 0.006110630203038454, 0.006168036954477429, 0.005954354736022651, 0.006001261458732188, 0.006111308014951646, 0.006156757716089487, 0.006012247349135577, 0.006210055844858289, 0.005804477203637362, 0.0062188243307173255, 0.005892717484384775, 0.0059801408555358645, 0.006072188667021691, 0.00580881638918072, 0.005957673261873424, 0.005767427706159651, 0.006012745178304612, 0.005823009116575122, 0.006069226292893291, 0.00584296204149723, 0.005928445961326361, 0.005834783716127276, 0.005833392068743706, 0.006016603042371571, 0.0058524398179724815]}