{"config": {"learning_rate": 0.01, "dropout": 0.2, "batch_size": 100, "epochs": 60, "S2F": false, "train_all": true}, "train_loss_incorrect": [0.023077926362554232, 0.016063419735680023, 0.014967306993591289, 0.014351486804274222, 0.014013968277722597, 0.013627203783641259, 0.013416026042153438, 0.013206033666307727, 0.013091168787019948, 0.012974701623121898, 0.01283464240996788, 0.012734108089158933, 0.012622075594651202, 0.012591496159633, 0.012534397646474342, 0.012426385440242787, 0.012413152602190773, 0.012359223663806915, 0.012333215369532505, 0.012217790951641898, 0.01221010233896474, 0.012223512761605283, 0.012128648937990268, 0.012171941278502345, 0.012107703081953029, 0.012060358356684446, 0.012057574824430048, 0.011996627377035718, 0.012087941953601937, 0.011976211907652518, 0.011984583945013583, 0.01200159617389242, 0.01193759396361808, 0.011948630164066951, 0.011955340206623078, 0.011955457453926404, 0.011921610021963715, 0.011923277359455824, 0.01189181721303612, 0.01191466092132032, 0.01187563025392592, 0.011853244913121064, 0.011872150468019147, 0.011914700806761781, 0.011849888797538975, 0.011865867688320576, 0.011823338374185066, 0.011840816683446368, 0.011814551476078728, 0.011888463953509927, 0.011799157008839151, 0.011788203933586677, 0.011804053131490945, 0.0117861790706714, 0.011839731759391726, 0.01177721820306033, 0.011803805578189592, 0.011786272027529776, 0.01180480589158833, 0.011790009012135366], "train_loss": [0.013668650821782648, 0.011666412204504014, 0.011187383090145886, 0.010115852276794613, 0.010321512568431597, 0.0111033427886044, 0.009770911255230507, 0.009593301075510681, 0.009249196122400462, 0.009212663425132632, 0.008965167184360325, 0.008985235764024158, 0.009468749188818038, 0.00861380185155819, 0.009047550063890715, 0.008780576562664162, 0.009651189780173203, 0.009719426164714, 0.009450460930044452, 0.009462339249439537, 0.008439156288901965, 0.009602787989812593, 0.008436561790294944, 0.00818524296550701, 0.008933667752426117, 0.008331020813590537, 0.008374555270032336, 0.008155675950304916, 0.008065176870829116, 0.008130301477697988, 0.007973832201678306, 0.008512036767788231, 0.008073705367278307, 0.008129736946430058, 0.00788640107649068, 0.00784600923769176, 0.008441040268323074, 0.008180908443561445, 0.009049288829943786, 0.008191308479290456, 0.008109628759945432, 0.009366016658023, 0.008481421115187307, 0.008028066764430453, 0.008147670070951183, 0.0077186029450967905, 0.008047107704139004, 0.008838373499456794, 0.008695778833546986, 0.008085285301785917, 0.008485402098546426, 0.009334325034481783, 0.00794559835145871, 0.0076851221305939054, 0.008372498861669252, 0.008450948543225726, 0.007728444459692885, 0.008472066269411395, 0.00790673731515805, 0.007799781073505679], "valid_loss": [0.01383033393882215, 0.01186039878986776, 0.011421914137899876, 0.01038734515197575, 0.010590983787551522, 0.011410595579072834, 0.010098234601318836, 0.009918191693723202, 0.009606096604838967, 0.009568424373865127, 0.009348327629268169, 0.00937933336943388, 0.009841286009177566, 0.009028072161599994, 0.00945346498861909, 0.009210969191044568, 0.010080387480556965, 0.010129223251715303, 0.009889114368706941, 0.009893952896818518, 0.008888448509387671, 0.010049218889325856, 0.00889994584955275, 0.008662823582999407, 0.00941249513067305, 0.008803869690746069, 0.008855919330380857, 0.008648157455027103, 0.008572487668134272, 0.008616875177249312, 0.008466571611352265, 0.009016162352636456, 0.008591790618374943, 0.008636177126318216, 0.00842794603202492, 0.008380830790847539, 0.00896472739521414, 0.008702562996186316, 0.009555949354544282, 0.008729174588806928, 0.008650312838144601, 0.009890790097415447, 0.009014862403273583, 0.008566417177207767, 0.008709997637197375, 0.008264617715030908, 0.008597131874412299, 0.009361159028485418, 0.00924707904458046, 0.008644194989465177, 0.009034483009018004, 0.00986246282234788, 0.008516746438108385, 0.008247244353406132, 0.008931969511322677, 0.00900880797766149, 0.008323550028726458, 0.009032463254407049, 0.008501741709187627, 0.00838674587663263]}