{"config": {"learning_rate": 0.01, "dropout": 0.2, "batch_size": 100, "epochs": 60, "S2F": false}, "train_loss_incorrect": [0.6836361078421275, 0.6816847029328347, 0.6817077562212944, 0.6816775241494178, 0.681660072406133, 0.6816481556495031, 0.6816478147109349, 0.6816351596514384, 0.6816441216071447, 0.6816315657893817, 0.6816305475433667, 0.681628694931666, 0.681628525853157, 0.681626619497935, 0.6816260158022245, 0.6816259225209554, 0.6816241447130839, 0.6816236498951912, 0.6816231378912926, 0.6816217877467473, 0.6816212231914203, 0.68162088483572, 0.6816205352544784, 0.6816203747193018, 0.6816199407974879, 0.6816197144985199, 0.6816195479035377, 0.6816198660929997, 0.6816197227438291, 0.6816195982694626, 0.6816194495558738, 0.6816195623079936, 0.681619415084521, 0.6816192195812861, 0.681619274119536, 0.6816190733512243, 0.6816194541255634, 0.6816190659999848, 0.681619191567103, 0.6816192519664764, 0.6816191863020261, 0.6816193130612374, 0.6816191204388936, 0.6816193121671676, 0.6816190563639005, 0.6816193130612374, 0.68161912103494, 0.6816191831231118, 0.6816191825270653, 0.6816191828250885, 0.6816194398204486, 0.6816193110744159, 0.6816190554698308, 0.6816190541783969, 0.6816193109750748, 0.681619182129701, 0.6816190545757611, 0.6816190557678541, 0.6816190571586291, 0.6816189912954966], "train_loss": [0.6816189906001091, 0.6816189928849539, 0.681618991792202, 0.6816189906001091, 0.6816189923882484, 0.6816189918915431, 0.6816189908981323, 0.6816189928849539, 0.6816189935803414, 0.6816189915935198, 0.6816189927856128, 0.6816189909974734, 0.6816189918915431, 0.6816189912954966, 0.6816189916928609, 0.6816189925869306, 0.6816189926862717, 0.6816189904014269, 0.6816189902027449, 0.681618991792202, 0.6816189915935198, 0.6816189911961555, 0.681618990500768, 0.6816189926862717, 0.6816189899047216, 0.681618991792202, 0.6816189901034038, 0.6816189925869306, 0.6816189900040627, 0.6816189909974734, 0.6816189914941788, 0.6816189928849539, 0.6816189919908842, 0.6816189899047216, 0.6816189928849539, 0.6816189909974734, 0.681618991792202, 0.6816189899047216, 0.6816189903020858, 0.6816189916928609, 0.681618990500768, 0.6816189915935198, 0.6816189906994502, 0.6816189922889073, 0.6816189922889073, 0.681618994474411, 0.6816189903020858, 0.6816189882159233, 0.6816189913948377, 0.6816189913948377, 0.6816189922889073, 0.6816189911961555, 0.6816189933816592, 0.6816189897060394, 0.6816189911961555, 0.6816189902027449, 0.6816189921895663, 0.6816189893086751, 0.6816189928849539, 0.6816189928849539], "valid_loss": [0.6786004614830017, 0.6786004573106765, 0.6786004638671875, 0.6786004561185837, 0.6786004579067231, 0.6786004585027695, 0.6786004596948624, 0.6786004650592804, 0.6786004585027695, 0.6786004519462585, 0.6786004573106765, 0.6786004579067231, 0.6786004579067231, 0.6786004573106765, 0.6786004567146301, 0.6786004608869552, 0.6786004567146301, 0.678600464463234, 0.6786004567146301, 0.6786004614830017, 0.6786004519462585, 0.6786004567146301, 0.678600459098816, 0.6786004620790481, 0.6786004608869552, 0.6786004543304444, 0.6786004602909088, 0.6786004596948624, 0.6786004632711411, 0.6786004561185837, 0.6786004632711411, 0.6786004519462585, 0.6786004525423049, 0.6786004620790481, 0.6786004626750946, 0.6786004531383515, 0.6786004543304444, 0.6786004626750946, 0.678600459098816, 0.6786004567146301, 0.6786004608869552, 0.6786004573106765, 0.6786004573106765, 0.6786004579067231, 0.6786004626750946, 0.6786004608869552, 0.6786004596948624, 0.6786004561185837, 0.6786004608869552, 0.6786004608869552, 0.6786004596948624, 0.678600459098816, 0.6786004567146301, 0.6786004573106765, 0.6786004608869552, 0.6786004608869552, 0.6786004579067231, 0.6786004579067231, 0.6786004585027695, 0.6786004579067231]}