{"config": {"learning_rate": 0.01, "dropout": 0.2, "batch_size": 100, "epochs": 60, "S2F": false}, "train_loss_incorrect": [0.024523276121666035, 0.017469297987408938, 0.016367105447376767, 0.015721683960097533, 0.015300019076094032, 0.014995530378073454, 0.014741014164562027, 0.014587753534627457, 0.0144449226387466, 0.014277273293895026, 0.014180561895482242, 0.014074692723030845, 0.013992264705399672, 0.013968636092419426, 0.01387008544523269, 0.013815849636060496, 0.01372502754131953, 0.013697866701210539, 0.013627787769461672, 0.013611438982188702, 0.013569924736705919, 0.013549340767785906, 0.013483775790470342, 0.013469179932338496, 0.013416416202671826, 0.013400175065423051, 0.01343614786087225, 0.01337660882466783, 0.013346138269019623, 0.013319697903158763, 0.013289631164322297, 0.013301402539946139, 0.013253258969634772, 0.01325638360188653, 0.013221164535110196, 0.013232468431815504, 0.013222257744831344, 0.013174184137023986, 0.01321862038380156, 0.013163816725524764, 0.013186366956991455, 0.013159829926056167, 0.013110950269425908, 0.013103753922817608, 0.013157457724834482, 0.013113057506270707, 0.013127625449560582, 0.013097153132160505, 0.013074589784567554, 0.013082822201152642, 0.013109937490274509, 0.013041412038728595, 0.013026614432844023, 0.013098905639102062, 0.013037627843829492, 0.013014392466284335, 0.013005276679371795, 0.013054630773452421, 0.01302907533167551, 0.013036622072880467], "train_loss": [0.0148382283312579, 0.01319455930342277, 0.012278978610411287, 0.011382394044970472, 0.010961353247985244, 0.011099663847126066, 0.010717321576861043, 0.010522263518845042, 0.010338192395865918, 0.010252136575678984, 0.010232218131422997, 0.010905568762682378, 0.009604588975198567, 0.009949447539014122, 0.010123960377338032, 0.009897361632126072, 0.010250428011640906, 0.010079398083811005, 0.009637056447875996, 0.009454298216539125, 0.009876236012205481, 0.009933234876953065, 0.009846020926100513, 0.00945124897096927, 0.010209631548884015, 0.00948664932201306, 0.010024955413925151, 0.009048858815804124, 0.009347425903348873, 0.010147803120004633, 0.009368405396429202, 0.009656159503695865, 0.009224001503704737, 0.009413206070506325, 0.009438343457101534, 0.009769421969540417, 0.010110190060610572, 0.009717139187268914, 0.009081217267084867, 0.009584369968312483, 0.011213029432110489, 0.009030181998386979, 0.009448741322848946, 0.009564735982567072, 0.009632177917907636, 0.009103528794366867, 0.00907250828963394, 0.009173010846910377, 0.00940191453633209, 0.009451065516720215, 0.009485104577615857, 0.009639878158147137, 0.009618092340727647, 0.009165888254065066, 0.009562787640218933, 0.009108797282290955, 0.008887503462998818, 0.009151478377170862, 0.010662568655485908, 0.009111385280266403], "valid_loss": [0.015049038641154765, 0.013397384537383913, 0.012515784716233611, 0.011624578116461635, 0.011235645413398743, 0.011370158568024636, 0.010999072901904583, 0.010818511545658112, 0.010636911997571587, 0.010557270413264631, 0.01054642784409225, 0.011221550041809678, 0.009945417577400804, 0.010279371738433837, 0.010446886830031872, 0.010249846717342734, 0.010591661566868424, 0.010430404981598258, 0.009995329873636365, 0.009810297340154648, 0.010225009908899664, 0.010289819734171033, 0.010211161049082875, 0.009826375301927329, 0.01057713600806892, 0.009866632195189596, 0.010398240331560372, 0.009444239903241397, 0.009736970206722617, 0.01052729637362063, 0.00975591885857284, 0.010056122820824385, 0.009633772382512689, 0.009829718116670848, 0.009842458851635457, 0.01016972040757537, 0.010502253519371152, 0.010116253290325403, 0.009498075637966395, 0.00998986890539527, 0.011600412782281638, 0.009480860652402043, 0.009871562030166387, 0.009974494017660618, 0.010088810212910176, 0.009520815461874008, 0.009503149716183544, 0.009594447668641806, 0.009828522298485041, 0.009880879875272513, 0.009909537769854069, 0.010061442460864782, 0.010068662613630295, 0.00959901586174965, 0.00998745983466506, 0.009552418524399399, 0.009357278728857636, 0.00963461136445403, 0.01109361657872796, 0.00955254609696567]}