{"config": {"learning_rate": 0.001, "dropout": 0.2, "batch_size": 100, "epochs": 60, "S2F": false}, "train_loss_incorrect": [0.6863478996356328, 0.6816303717096647, 0.681625366906325, 0.6816222906112671, 0.6816209344069163, 0.6816207934419314, 0.6816198269526164, 0.6816198176145554, 0.6816197024782499, 0.6816194037596385, 0.6816195160150528, 0.681619978149732, 0.6816195489962896, 0.6816193583607674, 0.6816197667519251, 0.6816193800171216, 0.6816206802924474, 0.6816212892532348, 0.6816212645173073, 0.6816214934984843, 0.6816209430495898, 0.6816203899184863, 0.6816196312506994, 0.6816201204061508, 0.6816203119357427, 0.6816194127003352, 0.6816193090875944, 0.681619299352169, 0.6816191847125689, 0.6816191069285075, 0.6816191214323044, 0.6816190769275029, 0.681619031727314, 0.6816190588474274, 0.6816190259655317, 0.6816190032164255, 0.6816190181175867, 0.6816190403699874, 0.6816190615296364, 0.6816190024216969, 0.6816189979513486, 0.681619005203247, 0.6816190056006114, 0.6816189969579379, 0.6816189934810003, 0.6816189928849539, 0.6816189949711163, 0.6816189942757288, 0.6816189932823181, 0.6816189945737521, 0.6816189940770467, 0.6816189973553022, 0.6816189929842948, 0.6816189943750699, 0.6816189922889073, 0.6816189920902253, 0.6816189911961555, 0.6816190100709597, 0.6816189912954966, 0.6816189919908842], "train_loss": [0.6816189901034038, 0.6816189909974734, 0.6816189913948377, 0.6816189920902253, 0.6816189908981323, 0.6816189916928609, 0.6816189930836359, 0.6816189907987913, 0.681618990500768, 0.6816189901034038, 0.6816189916928609, 0.6816189925869306, 0.6816189904014269, 0.681618991792202, 0.6816189896066983, 0.6816189921895663, 0.6816189915935198, 0.6816189913948377, 0.6816189918915431, 0.681618990500768, 0.681618990500768, 0.6816189913948377, 0.6816189915935198, 0.6816189895073573, 0.6816189918915431, 0.6816189923882484, 0.6816189908981323, 0.6816189915935198, 0.681618991792202, 0.681618991792202, 0.6816189894080162, 0.6816189924875895, 0.6816189892093341, 0.6816189913948377, 0.6816189902027449, 0.6816189916928609, 0.6816189921895663, 0.6816189908981323, 0.6816189908981323, 0.6816189929842948, 0.6816189918915431, 0.681618990500768, 0.6816189910968145, 0.6816189930836359, 0.6816189927856128, 0.6816189899047216, 0.6816189918915431, 0.6816189924875895, 0.6816189895073573, 0.6816189907987913, 0.6816189898053805, 0.6816189914941788, 0.6816189938783646, 0.6816189919908842, 0.6816189913948377, 0.6816189918915431, 0.6816189914941788, 0.6816189920902253, 0.6816189901034038, 0.6816189910968145], "valid_loss": [0.6786004573106765, 0.6786004626750946, 0.6786004519462585, 0.6786004537343979, 0.6786004596948624, 0.6786004608869552, 0.6786004596948624, 0.6786004585027695, 0.6786004543304444, 0.6786004585027695, 0.6786004579067231, 0.6786004531383515, 0.6786004626750946, 0.6786004561185837, 0.6786004579067231, 0.678600459098816, 0.6786004614830017, 0.6786004579067231, 0.6786004549264908, 0.6786004585027695, 0.6786004638671875, 0.6786004555225372, 0.6786004608869552, 0.6786004579067231, 0.6786004585027695, 0.6786004549264908, 0.6786004579067231, 0.6786004614830017, 0.6786004614830017, 0.6786004573106765, 0.678600459098816, 0.6786004596948624, 0.6786004596948624, 0.6786004573106765, 0.6786004596948624, 0.6786004555225372, 0.6786004608869552, 0.6786004638671875, 0.6786004614830017, 0.6786004573106765, 0.6786004626750946, 0.6786004608869552, 0.6786004620790481, 0.6786004585027695, 0.6786004656553268, 0.6786004602909088, 0.6786004567146301, 0.6786004561185837, 0.6786004608869552, 0.6786004567146301, 0.6786004567146301, 0.6786004579067231, 0.6786004596948624, 0.6786004561185837, 0.6786004579067231, 0.6786004602909088, 0.6786004650592804, 0.678600464463234, 0.6786004626750946, 0.6786004632711411]}