{"config": {"learning_rate": 0.001, "dropout": 0.2, "batch_size": 100, "epochs": 60, "S2F": false, "train_all": false}, "train_loss_incorrect": [0.026264500450342895, 0.014914743540187677, 0.013356563672423362, 0.012485712591248255, 0.011885728978862364, 0.01143493149895221, 0.011119546148305138, 0.010852014402238031, 0.010622276390592256, 0.01043677590166529, 0.010271159829571844, 0.010152627849020063, 0.010037614619359375, 0.009944852134212851, 0.009873637265215318, 0.009796439640534421, 0.009726804539871712, 0.009663458853028715, 0.009607706141347686, 0.009551703009443979, 0.009502116763032973, 0.009456258309073746, 0.009407401269612214, 0.009374819962928693, 0.009344757585786283, 0.009303254148301979, 0.009269150694211324, 0.009242092945302526, 0.00921931138029322, 0.009181967337305348, 0.00916616375092417, 0.009140057753926763, 0.0091034830470259, 0.009093684066707889, 0.009061563840756813, 0.009039622298441827, 0.009018848410341888, 0.008989112897931287, 0.008976198066957295, 0.008952698255889117, 0.008940563099458813, 0.00892035016324371, 0.008903694460944583, 0.008885749159380793, 0.008869734844192862, 0.008854342197688917, 0.008836063309572637, 0.008810931568344433, 0.008801185404105733, 0.00878780906709532, 0.008772445959039032, 0.008752753528145453, 0.00874654238500322, 0.008734264206141233, 0.008701118535827845, 0.008686441111688812, 0.00867927071560795, 0.008665015726195028, 0.00865210430075725, 0.008640918103046714], "train_loss": [0.0121203481250753, 0.0099694435717538, 0.008968683413695545, 0.008333197155346472, 0.007982723105233163, 0.007717109969817102, 0.007526378866750747, 0.007364853709780922, 0.007333914781920612, 0.0072584823744061095, 0.007147972459594408, 0.007060992167486499, 0.007037775153294206, 0.0068854253358828525, 0.006915798608679325, 0.006901211140211671, 0.006639491317328066, 0.006615848888953527, 0.00678155938629061, 0.006678925847324232, 0.006505585225919882, 0.0065895578164296845, 0.006411424447627117, 0.006453433432616293, 0.00636951786155502, 0.006337628063435356, 0.0062360453372821215, 0.006511354961742957, 0.0062708952045068145, 0.006247531601693481, 0.006230230086948722, 0.0063209527730941776, 0.006284455601902058, 0.006215252333786339, 0.006189824112225324, 0.006139570101319502, 0.006064220507008334, 0.006112480096829434, 0.00631826176851367, 0.00606444432400167, 0.005968334407079965, 0.006138654595706612, 0.005994137673793982, 0.006103198964459201, 0.006102161053568125, 0.006160677614777038, 0.005958098520059138, 0.005992552738947173, 0.00596734081627801, 0.006028807783344139, 0.005839978304381172, 0.0058028134967510895, 0.00592354993801564, 0.005785629694194844, 0.005922791881797214, 0.0059306822530925275, 0.005916649122567227, 0.0058016484440304335, 0.005822297622604916, 0.005914613652663926], "valid_loss": [0.012270625317469239, 0.010153140220791102, 0.00917875655926764, 0.008565098871476948, 0.008239213852211833, 0.007996799307875335, 0.007830763030797242, 0.007688201982527971, 0.0076741476031020285, 0.007619503899477422, 0.007530640526674688, 0.007447202154435217, 0.007444787449203432, 0.007314318520948291, 0.007352335215546191, 0.007350816098041832, 0.007092451453208923, 0.007096954653970897, 0.007271340903826058, 0.007189653762616217, 0.007016625851392746, 0.007119011371396482, 0.006945244604721666, 0.007003555349074304, 0.00693531044293195, 0.0069209048617631195, 0.00681829540990293, 0.007116095772944391, 0.0068753926642239095, 0.006859692307189107, 0.00684909104835242, 0.006958714788779617, 0.0069240321638062595, 0.006874965033493936, 0.0068505364190787075, 0.006802672520279884, 0.0067389880493283275, 0.0068062060326337815, 0.007019017250277102, 0.006747469482943416, 0.006667008176445961, 0.00684939282014966, 0.006706547345966101, 0.006826952761039138, 0.006833283337764442, 0.006910581015981734, 0.006693885191343725, 0.0067340382700786, 0.006714551080949605, 0.006795709761790931, 0.0066012621810659766, 0.00657255151309073, 0.006704478152096271, 0.006558290109969675, 0.006714931190945208, 0.006730602919124067, 0.00672019325196743, 0.006598662598989904, 0.006633206796832383, 0.0067393512092530725]}