{"config": {"id": 3, "learning_rate": 0.001, "dropout": 0.2, "l_size": 1024, "batch_size": 100, "epochs": 60, "lineal": true}, "train_loss_incorrect": [0.024789578386892875, 0.015010005488681297, 0.013418120218751332, 0.01259591696318239, 0.01203866328423222, 0.011658063198750217, 0.011374655896797776, 0.011114804899940888, 0.010935887304755549, 0.010762207112275064, 0.010632375804707408, 0.010498050598738094, 0.01039344004355371, 0.010285345904218654, 0.010202251233470936, 0.01011554827603201, 0.010048603269581994, 0.009982883335712055, 0.00992181892817219, 0.009849772167702516, 0.009805390719945233, 0.009748288276605309, 0.00970420663865904, 0.009661805420182645, 0.009627431370317937, 0.009583370651428898, 0.009552390119060873, 0.009510635148423414, 0.009489106925514837, 0.009441860175381104, 0.0094166140537709, 0.009393507659745714, 0.009370953035540879, 0.009352568175333241, 0.009326411299407483, 0.00929819282144308, 0.00927295725637426, 0.009255293674456577, 0.009238997330733885, 0.009209412639029324, 0.009192581791430711, 0.009167040875181555, 0.009160649333304415, 0.009144574467403193, 0.009130507291605075, 0.009108228622935713, 0.009098427961580455, 0.009091265654036155, 0.00906487493077293, 0.009056905896092454, 0.009044940802268683, 0.009038826039371391, 0.009012511614710093, 0.009007535057608039, 0.008997687470012655, 0.008986815162158261, 0.008964441388379783, 0.008966322832275182, 0.008952442987356335, 0.008950487502540152], "train_loss": [0.015374571275897324, 0.012591371887053053, 0.011144793319205443, 0.010698538697324693, 0.01004393896398445, 0.00967164862435311, 0.009660614302071432, 0.009337712789420038, 0.009149994568433613, 0.008769943351702144, 0.008872599658401063, 0.008825051468641808, 0.00868293190918242, 0.00874056542214627, 0.008395096736494452, 0.008047549286857247, 0.008358262978338946, 0.008401348903619994, 0.008191163278340052, 0.008074306836351752, 0.008401913333994647, 0.008702852344916513, 0.00802105404358978, 0.008019228032014021, 0.00800382900206993, 0.008114754245616496, 0.007861583894118666, 0.00790640234015882, 0.007518487884663045, 0.007944171739121278, 0.007825902018230408, 0.007575011271207283, 0.007529947694080571, 0.007979555339552462, 0.007908358000374089, 0.00790943848590056, 0.007660249148805936, 0.007834651994829377, 0.007755184433578203, 0.0077707400708459315, 0.007740456125854204, 0.007784554111616065, 0.008026274614191304, 0.007880722405388951, 0.007636342303206523, 0.007387860192296406, 0.0075138501628922915, 0.007838324134548505, 0.0077363908989354965, 0.007891465312956522, 0.007439846640142302, 0.00756438809990262, 0.007315696192284425, 0.00729963333113119, 0.007535655039052168, 0.007378409858016918, 0.007578511872173598, 0.0076729975927931566, 0.0074143378382238246, 0.007686808056508502], "valid_loss": [0.015513342954218388, 0.012746612410992383, 0.011323484582826495, 0.010898023098707198, 0.010253178225830197, 0.00989989671856165, 0.009904212690889836, 0.009583673058077693, 0.009411835111677647, 0.009040279127657414, 0.009151681009680033, 0.009106803010217846, 0.008971254625357687, 0.009038655920885503, 0.008692566063255072, 0.00835689508356154, 0.008662900067865848, 0.008715746053494513, 0.00851085321046412, 0.008399616829119622, 0.008724045567214489, 0.009033851185813546, 0.008354032542556525, 0.008352261884137988, 0.008346996139734983, 0.008455519773997366, 0.008204019963741302, 0.008257343666628003, 0.007873567105270922, 0.008295942032709717, 0.008185160988941788, 0.007937737768515944, 0.007888545338064433, 0.008332707537338137, 0.008273030412383378, 0.008271785038523376, 0.008025476494804024, 0.008200508914887905, 0.008126820037141443, 0.008143311799503863, 0.008113069040700794, 0.008161158375442028, 0.00839985087979585, 0.008253904599696398, 0.008015749286860227, 0.007775462665595114, 0.007895440515130758, 0.008216937738470733, 0.008122075544670225, 0.008277317532338202, 0.007823211085051298, 0.007953199786134063, 0.007703837770968676, 0.007690890477970242, 0.007923146793618798, 0.007771155647933483, 0.007970694648101927, 0.00806177097838372, 0.007801756933331489, 0.008079061871394516]}