{"config": {"id": 1, "learning_rate": 0.001, "dropout": 0.2, "l_size": 64, "batch_size": 100, "epochs": 60, "lineal": true}, "train_loss_incorrect": [0.03850390545092523, 0.025163949858397247, 0.023312516262133917, 0.022220355424409113, 0.02151095559199651, 0.021032236944884063, 0.02064347772859037, 0.0203364408792307, 0.02009551178353528, 0.019864236619323492, 0.019630331251149376, 0.019506029958526294, 0.019308015944746633, 0.019155329316854475, 0.01903323699409763, 0.018945277572299045, 0.0188413271214813, 0.018740182056402165, 0.018686838165546456, 0.01860079335204015, 0.018530513391209147, 0.018450588211417197, 0.01840773052535951, 0.018303379734667637, 0.01824321977949391, 0.018214139972502985, 0.018182935037960608, 0.018098082441526154, 0.01808934591555347, 0.018059740176734826, 0.017984740904842814, 0.01793532238031427, 0.017967073478115103, 0.01790426536773642, 0.017840893568160633, 0.01782595959181587, 0.017791103425746163, 0.01771925818019857, 0.01775731198489666, 0.017678075049382944, 0.017638492013017336, 0.017629867975289624, 0.017595145359324913, 0.017617547501189015, 0.017540559043797355, 0.0175238291407004, 0.01748130958372106, 0.017477905290822188, 0.017471531721142432, 0.01746669420506805, 0.017440685134691495, 0.01741424708471944, 0.017393070034061868, 0.017381311361677945, 0.01736579678176592, 0.017335892456273237, 0.017308149822056293, 0.017278870875015853, 0.017259877246494096, 0.017255655922926962], "train_loss": [0.024124998121211928, 0.022148682124291857, 0.02141160485955576, 0.020566968374575178, 0.020303968933100502, 0.01962674477448066, 0.020272525120526554, 0.01959382007519404, 0.019720582052444417, 0.019481253772974015, 0.020045715446273486, 0.020052535732587178, 0.020065552663678925, 0.020213591797898212, 0.020101579340795674, 0.01983573058620095, 0.019983120501662295, 0.020210277531296016, 0.020608970082054534, 0.020268421803290644, 0.020804738085716964, 0.02055188249486188, 0.02039303877390921, 0.021456764635319512, 0.02014187096618116, 0.021153140729293227, 0.020222504598399003, 0.02094431545274953, 0.0207515337690711, 0.020272748904923598, 0.020213925993690887, 0.02116911567437152, 0.021886195214465262, 0.021153916952510676, 0.02143520719682177, 0.02100849729962647, 0.020972149381414056, 0.021216830279057224, 0.021151857720687985, 0.021752761096383133, 0.02138868988181154, 0.021217491226270795, 0.022064979060863455, 0.021315728401144346, 0.02148352488875389, 0.021667600804939867, 0.021532934581240018, 0.021286282418295742, 0.022216373595098655, 0.022297356355314452, 0.02225316017245253, 0.021661810247848433, 0.02139904275846978, 0.02187905000212292, 0.02175840980062882, 0.022487194367373984, 0.021994842402637004, 0.022618567735577622, 0.022065904422973594, 0.022101014222328862], "valid_loss": [0.02420988751575351, 0.022212555948644876, 0.02150557320564985, 0.020666889753192662, 0.02040471900254488, 0.019736626502126455, 0.020364735275506973, 0.019709369000047446, 0.019845921602100133, 0.01960320433601737, 0.020164378713816405, 0.02018068129196763, 0.020188133250921964, 0.020333823654800652, 0.02022641034796834, 0.01996664198115468, 0.020110305324196817, 0.02034226829186082, 0.02073646252974868, 0.020405443739145993, 0.02092727281153202, 0.020681766048073768, 0.02053072363138199, 0.02158309757709503, 0.020278802551329137, 0.021280577797442676, 0.020364621710032223, 0.021072655878961087, 0.02089187502861023, 0.020418684538453816, 0.020346196945756675, 0.021299015786498784, 0.022006676364690066, 0.02128652160987258, 0.02156708000227809, 0.021139023751020433, 0.02110787380486727, 0.02134347250685096, 0.021291768439114095, 0.02187936009839177, 0.02151130385696888, 0.021341887284070254, 0.022180851139128207, 0.021441535279154777, 0.021616204865276812, 0.021799349915236233, 0.02166462231427431, 0.021417148001492022, 0.022340930346399546, 0.022419730946421624, 0.022370017860084773, 0.021776308082044126, 0.021517569050192833, 0.02199682019650936, 0.02186986668035388, 0.022603852096945046, 0.022119351606816055, 0.022729574628174307, 0.022177437748759986, 0.02221326269209385]}