{
    "config": {
        "id": 4,
        "learning_rate": 0.001,
        "dropout": 0.2,
        "l_size": 128,
        "batch_size": 100,
        "epochs": 60,
        "lineal": false
    },
    "train_loss_incorrect": [
        0.023243953955049315,
        0.009053832746576517,
        0.007832355939317494,
        0.007176137890977164,
        0.006757638816100856,
        0.006476284229817489,
        0.0062687828849690656,
        0.0061073444682794315,
        0.005992101522472998,
        0.00589855844154954,
        0.005817381855255614,
        0.0057594451432426775,
        0.005712721733531604,
        0.005670716864988208,
        0.005615898052540918,
        0.005577327521362653,
        0.005547456086302797,
        0.005519888737083723,
        0.005498881232924759,
        0.005480759961064905,
        0.005464126816174636,
        0.005441918364570786,
        0.005413665981031954,
        0.005391041937594612,
        0.005369388866238296,
        0.005357292046925674,
        0.005336008692781131,
        0.005324685173885276,
        0.005306962886825204,
        0.005296548902988434,
        0.005282362849296381,
        0.005278981385442118,
        0.005266359151185801,
        0.005264411902365585,
        0.005252902769328405,
        0.0052459277701564135,
        0.005239622212635974,
        0.005230270628041277,
        0.005216626770949612,
        0.0052137165136324866,
        0.005208218578870097,
        0.005198943853999178,
        0.005194039151538163,
        0.00519400550906236,
        0.005184416799650838,
        0.005176661657169461,
        0.005177423938487967,
        0.0051735032140277325,
        0.005167355726783474,
        0.005164553617748121,
        0.005160128450952471,
        0.00515475246667241,
        0.005151531403729071,
        0.005154121293065449,
        0.005149036260942618,
        0.005144586450575541,
        0.00514163322125872,
        0.005135472576754788,
        0.005131835704669356,
        0.005129455793648958
    ],
    "train_loss": [
        0.010610960386693478,
        0.008728003091334055,
        0.007800452506635338,
        0.007724234024062753,
        0.007481204318658759,
        0.007294270873535425,
        0.007180010315496474,
        0.007222020956687629,
        0.006930952156738689,
        0.007031030944393327,
        0.0070589051287000375,
        0.006840218588088949,
        0.006655150026393434,
        0.006605641367690017,
        0.006549852966951827,
        0.00639939652212585,
        0.006399972082581371,
        0.006311024581082165,
        0.006270122157099346,
        0.006065884802180032,
        0.006081368487793952,
        0.006152757823777695,
        0.006040943424062182,
        0.005841807496423523,
        0.006059428625740111,
        0.005879986455353598,
        0.005974014902021736,
        0.005970532487456997,
        0.005902299439379324,
        0.005901018211152405,
        0.005779378450630854,
        0.005793733392686893,
        0.00593145484648024,
        0.005850474543403834,
        0.0057555614551529286,
        0.005801977138811101,
        0.0058510827234325305,
        0.005790250313002616,
        0.005931509461564322,
        0.005734308322425932,
        0.005847992990165949,
        0.005705893937653551,
        0.005738672178704291,
        0.005838281440082938,
        0.005859503748361021,
        0.005935144680552185,
        0.005800424736614029,
        0.005936076185510804,
        0.005808094664632032,
        0.005936667375887434,
        0.006057325299674024,
        0.005879258300022533,
        0.005899928926955908,
        0.005939525112044066,
        0.005991727105962733,
        0.0060380503543031715,
        0.00584515468062212,
        0.006168177672661841,
        0.005897213058390965,
        0.005741913962798814
    ],
    "valid_loss": [
        0.010646809255704284,
        0.008747433992102743,
        0.007822552155703306,
        0.00774498101323843,
        0.007502731378190219,
        0.0073177891876548525,
        0.007202677414752543,
        0.00723973773419857,
        0.006952232671901584,
        0.0070540451863780615,
        0.007084565595723688,
        0.006868035411462188,
        0.006683736345730722,
        0.00663644109852612,
        0.006578254234045744,
        0.006430208464153111,
        0.006431735544465482,
        0.006344673023559153,
        0.006303947875276208,
        0.006099878372624517,
        0.006111928578466177,
        0.006186972032301128,
        0.006075618676841259,
        0.0058738470356911425,
        0.006092846961691976,
        0.005911498796194792,
        0.006005117604508996,
        0.006000807746313512,
        0.005930250603705644,
        0.005932643627747893,
        0.005811403505504131,
        0.005821844092570245,
        0.005961940758861601,
        0.0058821406681090595,
        0.00578834910877049,
        0.005832666801288724,
        0.005883326437324286,
        0.005819609388709068,
        0.005961691290140152,
        0.005769765553995967,
        0.005877828672528267,
        0.005738635347224772,
        0.005770059828646481,
        0.005868624686263502,
        0.005890087336301804,
        0.0059669804433360694,
        0.005832446105778218,
        0.005967344539240003,
        0.005836375546641648,
        0.005967102744616568,
        0.0060878821834921834,
        0.005909095527604222,
        0.005928953546099364,
        0.005968590653501451,
        0.006022184784524143,
        0.006068294728174805,
        0.005875389981083572,
        0.006200270652770996,
        0.005927207064814866,
        0.005772777325473726
    ]
}