{"config": {"id": 2, "learning_rate": 0.001, "dropout": 0.2, "l_size": 512, "batch_size": 100, "epochs": 60, "lineal": true}, "train_loss_incorrect": [0.026905075584848722, 0.016313832025043665, 0.014737430236612756, 0.013892303213166694, 0.013348063193261624, 0.012954764335105817, 0.012646866450086235, 0.01240939016919583, 0.012205579845855633, 0.012042046366259456, 0.01188881333762159, 0.011740262731909751, 0.011653706423627834, 0.011550965032850703, 0.011463868253243466, 0.011391009589036306, 0.011298777253056566, 0.011251655657154818, 0.011189717270123462, 0.011137423439261813, 0.011088894925390681, 0.011046092190469304, 0.010994131192564965, 0.010964665406694015, 0.010916408631019295, 0.010902184792794287, 0.010844986850085357, 0.010810969818073014, 0.010784853491932153, 0.010758816779901583, 0.010729536384654542, 0.0107081613317132, 0.01068242847143362, 0.01066495074580113, 0.01063285006210208, 0.010622531076272328, 0.010585458738108476, 0.010582056059502066, 0.010560679642173151, 0.010545550455960135, 0.010538266953080893, 0.010507771181873977, 0.01048708703989784, 0.010472416901029647, 0.010477527886008224, 0.010453106672503053, 0.010433816113509237, 0.010411218147103985, 0.010398090304806828, 0.010393603377354642, 0.01039104628842324, 0.010373823273306092, 0.010363330839512248, 0.010343466855896016, 0.010330676444185278, 0.010319354101084173, 0.01031382268294692, 0.010311805759556592, 0.01029454763357838, 0.010286848434867959], "train_loss": [0.016406161764947077, 0.01324963402779152, 0.012319784766683975, 0.012086984479489426, 0.010915639696953198, 0.010524067644340296, 0.010335506113866966, 0.010346151947354276, 0.010146974651142955, 0.009667884254207214, 0.009452543656807392, 0.009361668165462713, 0.009478241498582065, 0.00949955525652816, 0.009534023500358065, 0.009276620397965113, 0.009404008199150363, 0.009447440633860727, 0.008890311259310692, 0.009151021640282125, 0.008970582080849757, 0.008889454857756694, 0.008780104352626949, 0.008955001626939824, 0.00876298725605011, 0.008765510800294578, 0.008730085516969363, 0.008913844749331474, 0.008741402495652438, 0.008587260645193358, 0.008784406423413505, 0.008981019754428417, 0.008500069375149905, 0.008920750800364962, 0.008607638714214166, 0.008496157812575499, 0.008834821459992478, 0.008532850975946834, 0.008695460063560555, 0.009033190771006047, 0.008589362051182737, 0.008329903624641399, 0.00855410126503557, 0.008373897773368905, 0.008500850864220411, 0.00836788330770408, 0.008423720865976066, 0.008435389212487886, 0.00841606974756966, 0.009086324139498175, 0.008762687294899176, 0.008480903188853214, 0.008509913185456146, 0.00848393139972662, 0.008209427198550353, 0.008644054372950146, 0.008536051468302806, 0.008494118905315796, 0.008398602806652585, 0.008588632261380553], "valid_loss": [0.016530336495488882, 0.013394171567633749, 0.012502093249931932, 0.012272568559274078, 0.011109682973474264, 0.01073866045102477, 0.01056534707546234, 0.010587248140946031, 0.010392455784603953, 0.009913785699754953, 0.009709593402221798, 0.009626413444057107, 0.009743780586868525, 0.009766615433618427, 0.009812854379415512, 0.009552877750247718, 0.00968363876454532, 0.00973989199846983, 0.009184557422995567, 0.009443513769656419, 0.009270405890420079, 0.009190463442355395, 0.009088730532675981, 0.009261363735422492, 0.0090727792493999, 0.009078173590824008, 0.00904379466548562, 0.00923645350150764, 0.009054744788445533, 0.008908968279138207, 0.00910932925529778, 0.009306907784193755, 0.008835681108757853, 0.00925134776160121, 0.008930782019160689, 0.008831864651292563, 0.0091703787073493, 0.008869448457844556, 0.00903116318397224, 0.009369789520278574, 0.008931537219323217, 0.008667164891958236, 0.00889496288727969, 0.008720401073805988, 0.008848600089550018, 0.008716980163007974, 0.008773034517653287, 0.008786776126362384, 0.00876191683113575, 0.00943335515446961, 0.009113804847002029, 0.00883099211845547, 0.008867099089547992, 0.008841304476372897, 0.008567231097258628, 0.00899884288199246, 0.008896381752565503, 0.008855316899716853, 0.00876037375535816, 0.00894775432534516]}