{"config": {"learning_rate": 0.01, "dropout": 0.2, "batch_size": 100, "epochs": 60, "S2F": true, "train_all": true}, "train_loss_incorrect": [0.02803542969127496, 0.018771382172902425, 0.017710992173912626, 0.01709727488302936, 0.0167610417601342, 0.016500388104468584, 0.016318496574337284, 0.01615243160786728, 0.01602709764614701, 0.015926113201615712, 0.015812900558424492, 0.015733534232713283, 0.015636379652035733, 0.01560147345221291, 0.015532221960214277, 0.01547221336979419, 0.015442192967360218, 0.01541905771320065, 0.015345919048413634, 0.015266972999088467, 0.015238469975690047, 0.01520697899783651, 0.01517241786699742, 0.015213525658473372, 0.015154088522928457, 0.015097265794562796, 0.01505884381942451, 0.014993404491494099, 0.014970688264196117, 0.014963318351656199, 0.014929327884068092, 0.014898819687465826, 0.014837976900550226, 0.014855029036601384, 0.014874541639971236, 0.014826228933719297, 0.014782448819217583, 0.014819241333752871, 0.014779279539361596, 0.014788646654536327, 0.01477319206421574, 0.014730716923562188, 0.014759854543954135, 0.014759141085669399, 0.014760741130448878, 0.014721156403732796, 0.01470198321621865, 0.014721709171620507, 0.01469183419054995, 0.014754429242263238, 0.014676533428331216, 0.014678052629654607, 0.014732162952423095, 0.014689942342229187, 0.014657315976607303, 0.014670432045434912, 0.014685713237461944, 0.014655262854260703, 0.014649350144900382, 0.014699301035143435], "train_loss": [0.014973568573283653, 0.013183530362633367, 0.013642210508696734, 0.012195829826717575, 0.012104815550458928, 0.011875762942557534, 0.011654307350205879, 0.011777110188268125, 0.011839392334222794, 0.011285125279488663, 0.011585408737882972, 0.011096032888938984, 0.011145003878821929, 0.011101243592177828, 0.01154899887740612, 0.011381423266914983, 0.011439164384889107, 0.011250181832971672, 0.011816041722583274, 0.011368062134521703, 0.010796163027795652, 0.010814098052990934, 0.011373845782751838, 0.010585104209991793, 0.01077353658620268, 0.010607543415389956, 0.010818829747537772, 0.010264992507485053, 0.010423855156016846, 0.011588278577352564, 0.010381921691199144, 0.01135340095963329, 0.010722039034590125, 0.010605608496504526, 0.010623470397355656, 0.010260131866671145, 0.010678032170981169, 0.010798461008816958, 0.01033857860136777, 0.010804384492027263, 0.010577422177108626, 0.0108315464342013, 0.009887023534004887, 0.010137748542862634, 0.011114556963245073, 0.010960473152808846, 0.010309028988704085, 0.010901323715224863, 0.010652525013623139, 0.01025425477263828, 0.010423015472479164, 0.009997598441938559, 0.010465475933936735, 0.010163691573155423, 0.010852617374621332, 0.010798175910798211, 0.010692372714790205, 0.010335811227560044, 0.011389075244466463, 0.010162276026482384], "valid_loss": [0.015139164282009005, 0.013380087055265904, 0.013848654320463538, 0.012440180573612451, 0.012374112959951162, 0.012160741966217756, 0.01194419818930328, 0.01206862460821867, 0.012163301687687636, 0.01159783486276865, 0.01191339804790914, 0.011425424795597793, 0.01149367910809815, 0.011442038249224424, 0.011885015945881604, 0.011750750429928302, 0.011821189997717738, 0.011624790308997036, 0.012223254293203353, 0.011747494600713252, 0.0111790269613266, 0.011186446389183402, 0.011779741076752543, 0.010962081383913755, 0.011168934740126132, 0.011003283327445388, 0.011223162645474077, 0.01066750637255609, 0.010852312436327338, 0.012057946184650064, 0.010797432670369745, 0.011766428966075182, 0.0111699437815696, 0.011028621355071664, 0.011075372723862529, 0.010686138793826103, 0.011101953191682697, 0.011235405271872879, 0.01077781812287867, 0.01125167396850884, 0.011027699606493115, 0.01127692086622119, 0.010334210637956857, 0.010586908422410488, 0.011524037811905146, 0.011395140793174505, 0.010765642700716853, 0.011359851835295557, 0.011097170375287534, 0.010710384342819452, 0.010887973168864846, 0.010452445549890398, 0.010938366260379553, 0.01062883366830647, 0.011322791054844857, 0.011248315395787358, 0.01115952611900866, 0.010814908826723695, 0.011872536716982723, 0.010614893231540919]}