{"config": {"learning_rate": 0.001, "dropout": 0.2, "batch_size": 100, "epochs": 60, "S2F": true, "train_all": false}, "train_loss_incorrect": [0.02340746600491305, 0.014348855721764267, 0.012871735380031168, 0.012107228816797336, 0.011589192252916594, 0.01120266579091549, 0.010892416493346295, 0.010637625350306431, 0.010423834489968916, 0.0102439207273225, 0.010083995535969734, 0.00994835544222345, 0.009829201806957523, 0.009716268694028259, 0.009623866047089298, 0.00954303637612611, 0.009450502614490687, 0.009387846513030429, 0.00931451858797421, 0.009260486165682475, 0.009195510034138958, 0.009159916928038001, 0.009086877331137657, 0.00905203176351885, 0.00900316365994513, 0.008971420573070646, 0.008922518374553571, 0.008889548392035066, 0.008849521270021796, 0.008811636118528744, 0.008789558048980932, 0.008756637369127324, 0.00872228217466424, 0.008700563892101248, 0.008661502776667475, 0.008636816118378193, 0.008600500681592772, 0.00858737505817165, 0.008560686979908496, 0.008545932091462115, 0.008506323913267503, 0.00850008545521026, 0.008476635423333694, 0.008442780011488746, 0.008421853655794015, 0.00840087001134331, 0.008388373212267956, 0.008356145933891336, 0.008342168512754142, 0.008325660487947365, 0.008305054442801824, 0.008289908732598026, 0.008273184748832136, 0.008251951119552056, 0.00824208439560607, 0.008225419673447807, 0.008200405799628547, 0.008190834319684655, 0.008170597205559413, 0.008158766061533242], "train_loss": [0.011531167662081619, 0.00954888191074133, 0.008749773071613162, 0.008508652118810764, 0.008083619829267263, 0.00781906267783294, 0.007475724554775904, 0.0074947535727793975, 0.007150177739871045, 0.006837134937910984, 0.006857306129919986, 0.006723860235263904, 0.006668742202843229, 0.00652248604533573, 0.006628796615793059, 0.00637750220640252, 0.006440129458593825, 0.0064657532090010746, 0.006386287954325477, 0.0060615493877169985, 0.00622891446032251, 0.005945816837872068, 0.005910227322019636, 0.005835637143657853, 0.005813980991176019, 0.006124266129918396, 0.005723270411447932, 0.005829260220440726, 0.005861503996420651, 0.005851241096388548, 0.005733608777324359, 0.00572933371954908, 0.0057456505484879015, 0.005501214921629677, 0.005737129185969631, 0.0056116395769640805, 0.00562193028939267, 0.005604732340822617, 0.00551849743972222, 0.005522446964556972, 0.005402377306018025, 0.0053143719715687135, 0.005522209481957058, 0.0055432661909920475, 0.005266474199015647, 0.005322339410583178, 0.005499037138652057, 0.00547482993764182, 0.005250731534324586, 0.005222229821762691, 0.005370877354095379, 0.005196361923590302, 0.005175795497683188, 0.0052921959393036865, 0.0051680430645744, 0.005095439173746854, 0.005292037521333744, 0.005068664609765013, 0.005217492039470623, 0.005304083267692477], "valid_loss": [0.011700598672032356, 0.00974584444426, 0.008987609161995352, 0.008777920925058424, 0.008389312257058919, 0.008153658076189459, 0.007835163488052785, 0.007879873332567513, 0.007552422871813178, 0.007267877240665257, 0.007297294642776251, 0.007191558382473886, 0.007150890426710248, 0.007028059973381459, 0.007149568814784288, 0.006911225509829819, 0.0069940291671082375, 0.007036694716662168, 0.0069640488689765336, 0.006657578931190074, 0.006843470651656389, 0.006566691868938506, 0.00654626137111336, 0.006483227689750492, 0.006480473135598004, 0.0067942791990935805, 0.0064027238031849265, 0.00652253360953182, 0.00656244957819581, 0.006572986347600817, 0.006455054287798702, 0.006466850251890719, 0.006495673898607493, 0.006252024932764471, 0.006498885983601213, 0.0063834982411935925, 0.006403520121239126, 0.006395547799766064, 0.0063137481501325966, 0.006336942603811621, 0.006222440744750202, 0.006141246575862169, 0.006353467614389956, 0.00637231579516083, 0.00610622160602361, 0.006172187644988298, 0.006358698797412216, 0.006335182106122375, 0.006116459327749908, 0.006104814019054174, 0.006258797575719654, 0.0060852660797536375, 0.006069797305390239, 0.006192309968173504, 0.006087931143119931, 0.006016451413743198, 0.006225344459526241, 0.005993570759892463, 0.006145237451419234, 0.006242909710854292]}