{"config": {"learning_rate": 0.001, "dropout": 0.2, "batch_size": 100, "epochs": 60, "S2F": true}, "train_loss_incorrect": [0.02810995851798604, 0.015770357665605843, 0.014124461462100347, 0.013313075184511641, 0.012774562657189866, 0.012347019365988672, 0.012024671626277269, 0.011759919036800662, 0.011541149765253066, 0.011354349098789195, 0.011186198857612907, 0.011051361933350563, 0.010929704559966922, 0.01084362611019363, 0.010739490829097727, 0.010666477605700492, 0.010584145146422088, 0.010524564414906006, 0.010466653037195404, 0.010408721351996063, 0.010350432285728553, 0.010302331714580457, 0.01027497202778856, 0.010229357896993557, 0.010186424764494101, 0.01013665571808815, 0.010116654139322539, 0.01008686726136754, 0.010046258592046798, 0.010012015118263662, 0.009995635971426964, 0.009966372169243792, 0.009939820493261019, 0.00991771148207287, 0.009896102054044604, 0.009865033531871934, 0.009848464972650012, 0.00983916232207169, 0.009821876517186563, 0.009798678462393582, 0.00976680487083892, 0.009754405207931995, 0.009736744427743057, 0.009719990293184917, 0.00972002452549835, 0.009687735089100898, 0.009685584142183264, 0.009661869468788305, 0.009653359651565552, 0.009646722287870944, 0.009632659628987312, 0.009609405336280664, 0.00959859389346093, 0.009592581073132654, 0.009581241854466498, 0.00956631419248879, 0.00956244899580876, 0.009545268551446497, 0.009544918950026234, 0.009528970294632018], "train_loss": [0.013282973837728302, 0.011274383707592884, 0.00998855803006639, 0.009352769604884088, 0.009016112849737207, 0.008636689133321246, 0.008324322778110703, 0.00813280086653928, 0.008045008812720578, 0.007964746218640358, 0.007633329283756514, 0.007504101673451563, 0.0075283362460322675, 0.007507009891948352, 0.007299827298459907, 0.007355362719390541, 0.00723343721513326, 0.007058741504636904, 0.0070996266727646196, 0.007028467343964924, 0.006919016913355639, 0.006814435694056252, 0.006942445299743364, 0.0068292166905788085, 0.006775197460471342, 0.006773225153641154, 0.006633668257854879, 0.006708548398067554, 0.006666568294943621, 0.006542879204110553, 0.006529578783083707, 0.006452275581347445, 0.0065317323881511884, 0.006510092081346859, 0.006446290045666198, 0.0064906957365262015, 0.006386048318042109, 0.006369707018602639, 0.006457629771127055, 0.0063067953661084175, 0.006264075480091075, 0.0062050990217054885, 0.006310415000189096, 0.006365794564286867, 0.006315939983663459, 0.0062927401430594426, 0.006261897579145928, 0.006382442623532067, 0.00623114914012452, 0.006158247039032479, 0.006221956167525302, 0.006183380383687715, 0.006269313771432887, 0.006189697430624316, 0.006119147116939227, 0.006057210078773399, 0.006065660759340972, 0.006300463037720571, 0.006071830623162289, 0.006002399455755949], "valid_loss": [0.013408927144482732, 0.011448743240907788, 0.010183234065771103, 0.009562817690894008, 0.00924748637713492, 0.008878055587410926, 0.008576173302717507, 0.00838932499755174, 0.00832208301872015, 0.00824041492305696, 0.007922898652032018, 0.007806548979133367, 0.007826230633072554, 0.007820924120023847, 0.007617223472334444, 0.007680869237519801, 0.0075646132370457055, 0.007399693904444575, 0.007436799565330148, 0.007375098918564618, 0.007274726219475269, 0.007162108421325684, 0.0072932373732328415, 0.007184541905298829, 0.00713277181610465, 0.007137927464209497, 0.007000899342820048, 0.007076271153055131, 0.00703337989281863, 0.0069173063198104505, 0.006906863688491285, 0.0068344868486747146, 0.006908258940093219, 0.006894590519368649, 0.0068232561042532325, 0.0068783342279493806, 0.0067744935164228085, 0.0067610160354524855, 0.006848543444648385, 0.006699019623920321, 0.006662591574713588, 0.006601357385516166, 0.006699780719354748, 0.006761790663003922, 0.006711136442609131, 0.00669268861413002, 0.006660512299276888, 0.00678875622805208, 0.006633881661109627, 0.0065627754526212815, 0.0066307514579966665, 0.006589367892593146, 0.0066823020623996855, 0.006602796278893947, 0.006532248086296022, 0.006470302226953209, 0.006478881128132343, 0.006717088427394629, 0.006491638701409102, 0.006420961203984916]}