{"config": {"learning_rate": 0.01, "dropout": 0.2, "batch_size": 100, "epochs": 60, "S2F": true}, "train_loss_incorrect": [0.6828532233834267, 0.6816283224026362, 0.6816272152463595, 0.6816265118122101, 0.6816272281606992, 0.6816262424985567, 0.6816244898239772, 0.6816252288222313, 0.6816276413202286, 0.6816221501429875, 0.6816211195786794, 0.6816204584638278, 0.6816203757127126, 0.6816198986768722, 0.6816200586160024, 0.68161982913812, 0.6816199285785357, 0.6816198732455572, 0.6816197814544042, 0.6816196171442668, 0.681619405845801, 0.6816195246577262, 0.681619521578153, 0.681619335214297, 0.6816192865371704, 0.6816192920009295, 0.681619167427222, 0.6816191695133845, 0.6816191229224206, 0.6816190893451373, 0.6816190622250239, 0.681619052986304, 0.6816191596786181, 0.6816190257668495, 0.6816190116604169, 0.6816191349426906, 0.6816190680861474, 0.6816189996401469, 0.681619065006574, 0.6816190627217292, 0.6816189968585968, 0.6816189960638682, 0.6816189956665039, 0.681618993182977, 0.6816189921895663, 0.6816189911961555, 0.6816189926862717, 0.6816189938783646, 0.6816189925869306, 0.6816189923882484, 0.6816189921895663, 0.6816189912954966, 0.6816189911961555, 0.6816189919908842, 0.6816189925869306, 0.6816189903020858, 0.6816190545757611, 0.6816189926862717, 0.6816189897060394, 0.6816190532843271], "train_loss": [0.6816189894080162, 0.6816189906994502, 0.6816189906001091, 0.6816189918915431, 0.6816189921895663, 0.6816189913948377, 0.6816189927856128, 0.6816189910968145, 0.6816189906001091, 0.6816189914941788, 0.6816189913948377, 0.6816189904014269, 0.6816189921895663, 0.6816189902027449, 0.6816189899047216, 0.6816189912954966, 0.6816189919908842, 0.6816189923882484, 0.6816189909974734, 0.681618991792202, 0.6816189929842948, 0.6816189904014269, 0.6816189915935198, 0.6816189903020858, 0.6816189912954966, 0.6816189899047216, 0.6816189937790235, 0.6816189929842948, 0.6816189895073573, 0.6816189912954966, 0.6816189921895663, 0.6816189916928609, 0.6816189912954966, 0.6816189926862717, 0.6816189910968145, 0.6816189927856128, 0.6816189910968145, 0.6816189910968145, 0.6816189900040627, 0.6816189899047216, 0.6816189915935198, 0.6816189909974734, 0.6816189913948377, 0.6816189899047216, 0.6816189945737521, 0.6816189920902253, 0.6816189927856128, 0.6816189913948377, 0.6816189918915431, 0.6816189907987913, 0.6816189918915431, 0.6816189912954966, 0.6816189894080162, 0.6816189909974734, 0.681618991792202, 0.6816189923882484, 0.6816189915935198, 0.6816189909974734, 0.6816189907987913, 0.6816189922889073], "valid_loss": [0.6786004608869552, 0.678600459098816, 0.6786004668474197, 0.6786004567146301, 0.6786004596948624, 0.678600459098816, 0.6786004620790481, 0.6786004596948624, 0.6786004614830017, 0.6786004561185837, 0.6786004620790481, 0.6786004614830017, 0.6786004549264908, 0.678600459098816, 0.6786004596948624, 0.6786004567146301, 0.6786004585027695, 0.678600459098816, 0.6786004620790481, 0.6786004638671875, 0.6786004549264908, 0.6786004561185837, 0.6786004620790481, 0.6786004620790481, 0.6786004567146301, 0.6786004561185837, 0.6786004626750946, 0.6786004573106765, 0.6786004662513733, 0.6786004543304444, 0.6786004573106765, 0.6786004555225372, 0.6786004531383515, 0.6786004602909088, 0.6786004567146301, 0.6786004608869552, 0.6786004650592804, 0.6786004638671875, 0.6786004561185837, 0.6786004567146301, 0.6786004555225372, 0.6786004620790481, 0.6786004579067231, 0.6786004596948624, 0.6786004620790481, 0.6786004567146301, 0.6786004602909088, 0.6786004638671875, 0.6786004579067231, 0.6786004596948624, 0.6786004585027695, 0.6786004626750946, 0.6786004585027695, 0.6786004531383515, 0.6786004579067231, 0.6786004561185837, 0.6786004585027695, 0.6786004614830017, 0.678600459098816, 0.6786004579067231]}