{"config": {"learning_rate": 0.001, "dropout": 0.2, "batch_size": 100, "epochs": 60, "S2F": true}, "train_loss_incorrect": [0.6928390018145243, 0.6816445598006249, 0.6816329804062843, 0.6816274949908256, 0.6816241495807965, 0.6816229390104612, 0.6816229771574338, 0.6816217191020648, 0.6816212251782418, 0.6816205896933873, 0.681621004541715, 0.681620775659879, 0.681620241800944, 0.681619763871034, 0.6816203707456588, 0.6816199067234993, 0.6816197247306506, 0.6816200265288352, 0.6816197705268859, 0.6816205154856046, 0.6816220953067144, 0.6816213167707126, 0.6816199785470962, 0.6816197562217713, 0.6816195619106292, 0.6816195764144262, 0.6816196484367053, 0.6816195718447368, 0.6816193369030953, 0.6816192665696144, 0.6816191145777702, 0.681619118154049, 0.6816191790501277, 0.6816190357009569, 0.6816191105047862, 0.6816191012660663, 0.6816190536816915, 0.681619043648243, 0.6816190988818804, 0.6816190293431282, 0.6816190260648728, 0.6816190224885941, 0.6816190112630526, 0.6816190069913864, 0.6816190233826638, 0.6816190349062284, 0.6816190174221992, 0.6816190511981646, 0.6816190015276273, 0.6816189969579379, 0.6816189962625504, 0.6816189943750699, 0.6816190053025881, 0.6816189949711163, 0.6816190082828204, 0.6816189966599147, 0.6816189908981323, 0.6816189939777056, 0.6816189919908842, 0.6816190080841382], "train_loss": [0.6816189924875895, 0.6816189926862717, 0.6816189932823181, 0.6816189896066983, 0.6816189914941788, 0.6816189906994502, 0.6816189911961555, 0.6816189919908842, 0.6816189910968145, 0.6816189913948377, 0.6816189904014269, 0.6816189920902253, 0.6816189907987913, 0.6816189902027449, 0.681618990500768, 0.681618990500768, 0.681618990500768, 0.6816189921895663, 0.681618989109993, 0.6816189916928609, 0.6816189902027449, 0.6816189906001091, 0.6816189899047216, 0.6816189918915431, 0.6816189900040627, 0.6816189921895663, 0.6816189908981323, 0.6816189918915431, 0.6816189907987913, 0.6816189929842948, 0.6816189911961555, 0.6816189916928609, 0.6816189914941788, 0.6816189901034038, 0.6816189898053805, 0.6816189920902253, 0.6816189898053805, 0.681618990500768, 0.6816189906994502, 0.6816189908981323, 0.6816189919908842, 0.6816189914941788, 0.6816189925869306, 0.6816189919908842, 0.6816189913948377, 0.6816189903020858, 0.681618990500768, 0.6816189907987913, 0.6816189914941788, 0.681618991792202, 0.6816189888119698, 0.6816189914941788, 0.6816189915935198, 0.6816189908981323, 0.6816189906994502, 0.6816189892093341, 0.6816189916928609, 0.6816189936796824, 0.6816189893086751, 0.6816189907987913], "valid_loss": [0.6786004620790481, 0.6786004537343979, 0.6786004555225372, 0.6786004596948624, 0.678600459098816, 0.6786004608869552, 0.6786004555225372, 0.6786004585027695, 0.6786004614830017, 0.6786004549264908, 0.678600459098816, 0.6786004561185837, 0.678600459098816, 0.678600464463234, 0.6786004549264908, 0.678600459098816, 0.6786004561185837, 0.6786004602909088, 0.6786004596948624, 0.6786004585027695, 0.6786004555225372, 0.6786004608869552, 0.6786004632711411, 0.6786004543304444, 0.6786004632711411, 0.6786004543304444, 0.6786004614830017, 0.6786004632711411, 0.6786004638671875, 0.6786004579067231, 0.678600459098816, 0.6786004585027695, 0.6786004596948624, 0.6786004602909088, 0.6786004596948624, 0.6786004567146301, 0.6786004626750946, 0.6786004620790481, 0.6786004614830017, 0.6786004579067231, 0.6786004585027695, 0.6786004561185837, 0.6786004638671875, 0.678600464463234, 0.6786004596948624, 0.6786004626750946, 0.6786004620790481, 0.6786004632711411, 0.6786004585027695, 0.6786004608869552, 0.6786004585027695, 0.6786004567146301, 0.678600459098816, 0.6786004614830017, 0.678600459098816, 0.6786004549264908, 0.6786004620790481, 0.6786004573106765, 0.6786004632711411, 0.6786004602909088]}