{"config": {"learning_rate": 0.01, "dropout": 0.2, "batch_size": 100, "epochs": 60, "S2F": true}, "train_loss_incorrect": [0.02838503712788224, 0.02021867917229732, 0.01911067593532304, 0.01815403879620135, 0.017508584776272377, 0.01713331256993115, 0.01688673362756769, 0.01673502300865948, 0.01656452426997324, 0.016464107260107993, 0.01638035129600515, 0.016309657717744508, 0.016241468076283735, 0.016154091508748632, 0.016077778750720122, 0.016069127490433554, 0.016010496667586267, 0.015994550879113376, 0.01595633536422004, 0.01591342675499618, 0.015866678850725294, 0.015869312275511523, 0.01581701454240829, 0.01580292858649045, 0.015787679788966974, 0.015764260177190105, 0.015767616050628323, 0.015737363180766503, 0.015742213213816286, 0.015709241298027338, 0.015670206928625703, 0.015675935110387704, 0.015696632284671067, 0.015621933120613296, 0.015638601106281083, 0.015626357790703576, 0.015609064851887525, 0.015576307110798856, 0.015588172739371657, 0.015651641618460416, 0.015603645453229547, 0.015621350809621314, 0.01554902883556982, 0.01558656596733878, 0.01556069584718595, 0.015596472700126469, 0.015576988762865463, 0.015563338316666583, 0.015587357291951775, 0.015528151881881058, 0.01557206513515363, 0.015542484916125735, 0.015547723091828326, 0.015549102056150635, 0.015550524530311426, 0.015523374940579137, 0.015531864333897829, 0.01558206213793407, 0.015557204607563714, 0.01559569428053995], "train_loss": [0.01626379326141129, 0.014679314362195632, 0.014154150639660657, 0.013427327362199624, 0.012670317597997685, 0.012578469721289972, 0.011962559069506823, 0.013346239825089772, 0.011806468752523263, 0.012331470854890843, 0.01239248893999805, 0.011970973794038097, 0.011429907470010221, 0.012275524820821981, 0.01170460352829347, 0.011767412886644403, 0.012113150893710553, 0.011347242017897467, 0.011119299666024745, 0.011053231892486413, 0.011436901208944618, 0.011628164156960944, 0.011232846085913479, 0.011161269503645599, 0.012245788848958909, 0.012170746880583465, 0.012785135518449049, 0.012398827755823731, 0.01126685096261402, 0.011348403450101614, 0.011437214529141784, 0.011473546782508493, 0.01139882267607997, 0.011311903650251528, 0.010957291706775625, 0.010660226947317521, 0.010789734401429692, 0.011072037100481491, 0.011627855572539071, 0.010879024928435684, 0.010793253788724541, 0.011296152318827808, 0.011543568714211385, 0.011020439302859206, 0.011336858100257814, 0.011184818184313675, 0.010845287712290883, 0.011791015939476589, 0.011058696089312434, 0.011423998794828851, 0.011669334649729232, 0.011251250036681692, 0.011563134881046912, 0.010864248181072374, 0.011211745752952994, 0.011812054587838551, 0.010838967530677717, 0.010701478250945608, 0.011321193367863695, 0.011431274247976641], "valid_loss": [0.016417757039889694, 0.014869557609781623, 0.014362871516495943, 0.013640408096835017, 0.012887354046106338, 0.012812156016007065, 0.012191471979022026, 0.013560781395062805, 0.012051341645419598, 0.012556028906255961, 0.012624270012602211, 0.012208344647660851, 0.011700173364952207, 0.012529751062393188, 0.011963272606953979, 0.012019867142662406, 0.012369967568665742, 0.011613048873841762, 0.01138173102401197, 0.01132558735087514, 0.011692540496587753, 0.011891966219991446, 0.011482074689120055, 0.011418905099853873, 0.01249346167780459, 0.012420076364651322, 0.013024390814825893, 0.012665487388148903, 0.01153192917816341, 0.011613645534962415, 0.011712993355467915, 0.011765011427924037, 0.011659202799201011, 0.011577038625255227, 0.011228999700397252, 0.010941049065440894, 0.011059489091858268, 0.011353085972368717, 0.011912187319248915, 0.011161909820511937, 0.011087585203349591, 0.011565977027639746, 0.011803431091830135, 0.011300267027691007, 0.01161321522668004, 0.011458571311086416, 0.011112492559477686, 0.012056677164509892, 0.011350041292607783, 0.01170955409295857, 0.011962372278794646, 0.011523000858724118, 0.011845078021287918, 0.011153099434450269, 0.011491974191740155, 0.012084957687184214, 0.011141204359009862, 0.011004893966019154, 0.01160635326988995, 0.011714352313429117]}