{"config": {"learning_rate": 0.001, "dropout": 0.2, "batch_size": 100, "epochs": 5, "S2F": true}, "train_loss_incorrect": [0.03625044788233936, 0.01864699592037747, 0.016323116935479144, 0.015210677787351112, 0.014476694441400468], "train_loss": [0.01598607819216947, 0.012721314827601115, 0.011412190080930789, 0.010661938504005472, 0.010232670246623457], "valid_loss": [0.01608366521075368, 0.012857420230284333, 0.01157723143696785, 0.010851062126457691, 0.010435229800641536]}