{"config": {"learning_rate": 0.01, "dropout": 0.2, "batch_size": 100, "epochs": 5, "S2F": true}, "train_loss_incorrect": [0.031731405922522146, 0.02215456437629958, 0.020490032046412428, 0.01973941983655095, 0.019385441892469924], "train_loss": [0.018322657942771912, 0.015824402791137497, 0.015181907389002542, 0.014278481371390322, 0.0136894401970009], "valid_loss": [0.018458040058612825, 0.01597815511748195, 0.015378862982615829, 0.014474969413131476, 0.01388370055705309]}